,CommID,FIPSPL,Name,CAT,QOLjobs_vg,QOLjobs_g,QOLjobs_f,QOLjobs_p,QOLjobs_dnk,QOLjobs_na,QOLmed_vg,QOLmed_g,QOLmed_f,QOLmed_p,QOLmed_dnk,QOLmed_na,QOLk12_vg,QOLk12_g,QOLk12_f,QOLk12_p,QOLk12_dnk,QOLk12_na,QOLhousing_vg,QOLhousing_g,QOLhousing_f,QOLhousing_p,QOLhousing_dnk,QOLhousing_na,QOLshop_vg,QOLshop_g,QOLshop_f,QOLshop_p,QOLshop_dnk,QOLshop_na,QOLchildcare_vg,QOLchildcare_g,QOLchildcare_f,QOLchildcare_p,QOLchildcare_dnk,QOLchildcare_na,QOLseniorcare_vg,QOLseniorcare_g,QOLseniorcare_f,QOLseniorcare_p,QOLseniorcare_dnk,QOLseniorcare_na,QOLyouth_vg,QOLyouth_g,QOLyouth_f,QOLyouth_p,QOLyouth_dnk,QOLyouth_na,QOLcommsrvall_vg,QOLcommsrvall_g,QOLcommsrvall_f,QOLcommsrvall_p,QOLcommsrvall_dnk,QOLcommsrvall_na,QOLrecrentr_vg,QOLrecrentr_g,QOLrecrentr_f,QOLrecrentr_p,QOLrecrentr_dnk,QOLrecrentr_na,QOLpolice_vg,QOLpolice_g,QOLpolice_f,QOLpolice_p,QOLpolice_dnk,QOLpolice_na,QOLfire_vg,QOLfire_g,QOLfire_f,QOLfire_p,QOLfire_dnk,QOLfire_na,QOLems_vg,QOLems_g,QOLems_f,QOLems_p,QOLems_dnk,QOLems_na,QOLstreets_vg,QOLstreets_g,QOLstreets_f,QOLstreets_p,QOLstreets_dnk,QOLstreets_na,QOLparks_vg,QOLparks_g,QOLparks_f,QOLparks_p,QOLparks_dnk,QOLparks_na,QOLgarbage_vg,QOLgarbage_g,QOLgarbage_f,QOLgarbage_p,QOLgarbage_dnk,QOLgarbage_na,QOLwater_vg,QOLwater_g,QOLwater_f,QOLwater_p,QOLwater_dnk,QOLwater_na,QOLgovtsrvall_vg,QOLgovtsrvall_g,QOLgovtsrvall_f,QOLgovtsrvall_p,QOLgovtsrvall_dnk,QOLgovtsrvall_na
0,1.0,1900595,Afton,ALL,4.598,15.54,36.19,20.392,18.926,4.354,0.0,6.292,8.665,5.974,9.834,69.235,27.527,47.311,12.657,4.923,7.582,0.0,3.269,26.392,51.764,6.389,10.578,1.609,0.0,16.707,9.33,20.55,7.415,45.997,1.673,27.701,22.455,8.208,30.408,9.556,3.57,29.436,20.745,9.64,27.103,9.506,9.555,25.351,23.988,1.582,28.538,10.986,5.891,31.108,45.859,5.342,10.215,1.585,21.79,29.052,21.293,5.354,8.043,14.468,21.699,41.746,30.586,4.411,1.558,0.0,48.63,28.599,15.523,0.504,6.744,0.0,41.609,41.251,9.388,1.008,6.744,0.0,8.401,29.383,40.735,15.543,5.938,0.0,34.481,47.936,11.721,0.511,5.351,0.0,22.731,39.493,9.114,6.018,20.549,2.094,44.291,42.257,1.047,2.051,10.353,0.0,16.842,40.269,21.873,1.698,13.902,5.417
1,2.0,1900640,Agency,ALL,5.603,5.505,18.931,19.436,20.607,29.917,2.12,5.276,4.24,5.769,6.926,75.669,43.672,38.033,0.0,5.673,8.061,4.56,13.859,41.909,28.897,0.0,10.468,4.866,0.0,1.037,7.586,12.712,3.3,75.366,0.0,8.036,14.532,9.459,21.848,46.124,4.102,21.027,12.858,7.514,29.338,25.16,3.963,16.788,19.503,0.0,29.904,29.841,9.315,30.756,31.92,3.937,9.69,14.381,3.49,12.724,13.046,6.855,2.98,60.905,8.088,23.742,23.578,6.091,10.852,27.649,52.718,34.768,6.78,0.0,5.733,0.0,35.788,36.982,4.346,0.0,17.791,5.093,24.974,47.903,16.255,5.996,4.872,0.0,43.805,43.365,2.303,0.619,7.766,2.142,39.017,44.489,5.395,0.0,7.138,3.962,43.11,40.818,11.568,0.606,2.252,1.646,19.91,48.845,9.136,3.595,15.625,2.89
2,3.0,1900730,Ainsworth,ALL,0.0,5.466,12.287,47.645,22.083,12.518,0.0,1.85,1.075,31.97,6.888,58.217,28.845,26.217,19.451,10.395,6.135,8.955,7.786,17.907,25.273,11.327,29.059,8.648,0.0,0.0,2.563,36.023,4.984,56.431,1.212,14.488,19.925,9.033,37.623,17.719,0.0,5.88,10.66,9.385,52.342,21.734,7.821,16.034,20.467,18.758,12.222,24.699,0.818,42.991,32.975,13.877,2.735,6.604,11.859,25.569,17.268,12.866,0.767,31.67,8.047,41.769,31.498,2.059,5.106,11.521,50.943,35.783,8.015,1.03,3.809,0.421,40.833,36.941,18.013,0.0,2.767,1.445,17.609,29.728,22.28,26.435,2.491,1.457,35.745,54.817,3.574,1.038,3.362,1.463,17.514,13.113,4.029,7.716,42.564,15.065,26.45,12.651,2.219,18.627,36.657,3.396,12.677,37.688,6.49,16.05,25.603,1.492
3,4.0,1900865,Albert City,ALL,2.997,30.724,28.957,25.919,8.342,3.061,1.361,0.647,0.647,16.355,0.0,80.99,58.317,14.368,6.56,9.049,11.705,0.0,5.618,27.177,44.496,2.074,15.792,4.843,0.0,8.035,30.426,27.705,0.0,33.834,3.74,20.72,24.234,9.811,27.74,13.754,1.39,13.292,22.988,17.73,17.865,26.735,2.128,19.025,27.767,18.487,19.093,13.5,7.113,20.045,57.197,10.555,1.328,3.762,4.338,12.421,18.268,18.364,1.859,44.75,28.726,45.812,16.203,3.969,2.051,3.239,69.943,26.797,2.027,0.0,0.0,1.233,51.294,37.016,10.207,0.842,0.642,0.0,28.751,45.053,22.958,2.014,0.0,1.225,45.809,48.602,3.513,0.0,0.836,1.24,33.194,27.226,4.122,2.677,26.485,6.295,20.529,36.267,23.991,2.66,13.154,3.398,30.067,36.704,17.852,1.459,8.192,5.726
4,5.0,1900910,Albia,ALL,28.692,17.6,31.755,11.329,7.399,3.226,50.14,33.211,6.844,8.445,1.36,0.0,35.155,26.509,1.369,0.0,34.05,2.917,5.391,30.319,47.753,7.958,6.722,1.858,23.967,5.707,35.227,32.675,2.423,0.0,4.726,42.883,14.995,0.0,27.958,9.437,6.274,25.483,27.88,2.962,32.989,4.411,15.907,37.684,15.86,4.969,18.571,7.009,1.796,58.067,35.541,1.4,1.796,1.4,11.128,40.795,30.602,8.648,5.038,3.789,32.573,48.791,14.088,3.214,1.334,0.0,27.059,60.543,0.0,0.0,12.398,0.0,26.853,31.456,0.0,0.0,41.691,0.0,5.488,25.386,58.191,10.936,0.0,0.0,11.753,43.665,18.726,0.0,25.855,0.0,21.945,54.887,14.859,0.0,1.747,6.561,27.733,55.266,7.213,5.191,1.348,3.249,11.272,41.701,13.07,0.0,32.17,1.786
5,6.0,1900955,Albion,ALL,4.905,4.09,31.138,31.665,13.685,14.517,0.0,8.318,18.93,0.973,2.727,69.052,0.0,9.043,11.253,3.351,24.742,51.61,3.077,17.05,57.635,6.488,8.794,6.956,0.0,0.0,5.455,32.047,0.0,62.497,0.0,9.103,25.251,7.985,36.358,21.304,4.759,8.604,6.288,2.528,41.95,35.87,1.289,22.679,10.848,7.136,32.823,25.225,0.0,21.37,49.91,17.813,10.128,0.78,1.58,2.046,10.6,16.845,6.914,62.015,3.317,32.19,24.899,5.384,9.701,24.509,41.58,29.066,28.401,0.0,0.952,0.0,40.936,32.052,16.894,6.499,3.62,0.0,9.308,32.945,56.778,0.0,0.969,0.0,15.799,54.242,22.294,4.739,2.926,0.0,29.769,25.428,22.104,0.0,18.974,3.725,24.884,23.866,33.275,10.444,7.53,0.0,10.842,27.774,34.589,2.797,12.607,11.391
6,7.0,1901270,Allerton,ALL,1.3,10.57,39.994,43.105,0.0,5.03,18.585,2.233,14.913,9.557,1.117,53.595,12.803,27.639,8.953,1.283,6.37,42.952,3.017,11.861,49.717,28.746,3.417,3.241,1.3,0.0,2.262,38.659,0.0,57.779,3.899,13.293,31.868,12.647,29.071,9.221,3.849,14.04,34.996,8.319,25.254,13.541,0.0,7.854,34.913,21.853,18.663,16.717,1.283,22.722,50.691,18.556,3.516,3.232,5.338,19.913,20.938,10.245,5.447,38.119,8.543,45.207,15.234,23.82,1.102,6.094,46.446,43.54,8.911,0.0,1.102,0.0,48.447,47.633,2.818,0.0,1.102,0.0,0.0,10.506,16.565,70.975,1.955,0.0,9.809,53.486,32.856,0.0,1.924,1.924,47.878,27.175,16.076,0.0,6.947,1.924,23.075,50.007,15.189,8.911,2.818,0.0,8.692,39.865,25.76,4.126,14.97,6.587
7,8.0,1901630,Altoona,ALL,6.752,15.397,23.801,12.265,35.373,6.412,11.722,45.981,15.42,7.811,15.719,3.347,35.862,38.763,9.716,5.347,9.043,1.269,18.659,54.146,9.156,5.979,12.06,0.0,4.071,37.806,38.599,17.08,2.444,0.0,10.343,25.012,12.38,5.5,39.135,7.63,2.95,2.148,8.49,6.14,74.471,5.801,5.431,31.38,21.757,6.804,32.357,2.27,4.342,57.661,24.733,5.399,7.865,0.0,17.301,41.17,25.934,8.629,6.337,0.629,43.426,39.51,7.709,5.368,3.986,0.0,42.268,43.321,1.806,5.268,7.336,0.0,37.972,37.828,0.56,5.297,18.342,0.0,21.577,38.584,30.722,9.117,0.0,0.0,38.547,43.251,9.203,0.0,8.998,0.0,47.254,40.536,8.462,0.0,3.748,0.0,32.686,43.321,22.108,0.0,1.884,0.0,18.353,57.704,5.638,8.725,7.678,1.902
8,9.0,1902260,Anita,ALL,2.482,9.982,49.037,10.993,17.697,9.808,15.582,47.655,24.006,2.771,4.007,5.98,36.543,41.339,8.515,0.0,12.397,1.206,8.428,30.376,34.867,3.87,16.488,5.972,3.472,18.806,38.616,21.378,0.0,17.728,14.746,24.249,17.979,6.321,28.316,8.39,4.784,13.954,19.268,7.391,40.698,13.904,4.671,15.261,24.292,12.246,37.281,6.249,24.717,30.572,39.229,2.6,2.882,0.0,37.671,34.813,11.216,5.941,4.721,5.638,6.806,12.638,43.001,19.297,7.632,10.626,84.02,15.98,0.0,0.0,0.0,0.0,65.42,24.533,5.056,0.0,4.992,0.0,13.99,35.877,46.741,3.392,0.0,0.0,39.521,47.213,11.996,0.0,1.269,0.0,56.046,10.721,7.238,0.0,21.221,4.775,30.961,29.98,20.32,14.582,1.461,2.695,25.328,39.462,14.005,7.796,13.41,0.0
9,10.0,1903475,Atkins,ALL,0.761,7.871,18.401,27.313,29.628,16.027,20.315,42.631,19.279,2.958,9.292,5.525,31.805,40.963,6.877,2.422,16.661,1.272,31.617,47.068,15.763,1.397,3.495,0.661,0.0,0.663,4.446,28.518,9.271,57.101,22.624,25.412,12.32,4.851,29.331,5.463,3.298,1.56,6.934,11.586,53.901,22.721,11.654,23.95,18.171,1.86,28.097,16.268,1.219,35.417,40.712,8.443,9.62,4.588,7.023,8.573,17.513,19.628,9.573,37.69,10.232,34.076,34.753,8.291,4.724,7.924,50.705,40.079,3.726,0.699,4.791,0.0,50.989,27.395,6.31,0.0,15.305,0.0,8.276,49.104,29.861,11.486,0.705,0.567,13.939,47.561,28.059,2.684,7.186,0.571,29.431,44.549,13.698,0.0,11.756,0.567,15.091,44.766,20.124,11.12,8.328,0.571,12.092,60.748,16.634,0.724,9.077,0.724
10,11.0,1903655,Audubon,ALL,8.727,28.378,28.317,24.596,8.607,1.375,29.213,40.507,18.943,7.948,3.39,0.0,55.594,32.223,2.559,0.0,8.722,0.901,5.235,43.861,30.634,7.556,11.809,0.905,8.249,26.83,42.593,19.022,3.305,0.0,3.391,18.368,31.674,6.613,38.295,1.66,5.288,20.062,29.45,4.667,34.488,6.045,11.006,29.306,21.538,8.837,25.007,4.305,7.177,37.628,32.277,13.398,9.519,0.0,8.14,30.879,30.157,15.722,6.139,8.962,45.094,39.073,11.058,1.286,3.488,0.0,61.226,30.12,3.484,0.0,5.17,0.0,63.905,29.639,1.286,0.0,5.17,0.0,4.596,39.286,33.994,19.519,2.604,0.0,26.76,48.736,16.391,3.569,4.545,0.0,36.691,45.493,1.307,2.632,9.633,4.244,32.936,34.032,15.603,9.536,6.023,1.869,27.55,43.983,15.086,6.332,7.049,0.0
11,12.0,1904420,Bancroft,ALL,14.293,46.116,18.527,9.399,6.463,5.203,49.341,38.117,6.065,3.744,2.734,0.0,8.669,7.551,11.036,15.937,12.68,44.126,12.017,56.429,17.769,6.068,6.133,1.585,16.732,40.533,26.434,10.619,3.404,2.278,31.498,44.971,10.403,2.765,5.995,4.368,32.864,35.118,13.842,0.0,15.817,2.358,31.482,21.046,17.668,8.817,13.338,7.65,30.485,44.22,20.449,3.678,1.168,0.0,27.263,43.579,19.936,4.823,1.753,2.646,30.917,42.943,19.395,3.166,2.074,1.506,67.1,29.648,1.076,0.0,2.176,0.0,60.683,31.87,4.304,0.0,3.143,0.0,2.476,24.866,37.186,35.473,0.0,0.0,43.762,49.87,4.884,1.484,0.0,0.0,56.696,22.435,2.184,0.0,14.581,4.104,34.768,42.112,15.238,0.967,2.871,4.043,23.162,57.175,7.986,0.0,8.767,2.91
12,13.0,1904825,Batavia,ALL,0.0,0.0,19.081,22.857,18.559,39.503,0.0,1.056,11.221,2.817,9.648,75.258,27.72,25.452,11.206,4.922,12.811,17.889,0.0,21.985,31.985,6.031,20.282,19.718,0.0,1.671,0.0,7.733,9.809,80.788,0.0,0.0,13.326,10.737,40.782,35.155,0.0,8.348,8.944,6.186,40.646,35.876,0.0,4.898,3.093,8.352,39.876,43.781,0.0,20.868,22.463,26.357,13.018,17.295,2.675,1.954,9.664,6.075,9.242,70.39,3.473,27.554,40.979,2.745,6.945,18.305,32.654,45.283,9.843,0.0,7.021,5.199,27.262,33.341,19.349,3.51,8.106,8.432,0.0,21.026,45.513,20.298,6.945,6.217,14.69,29.415,26.229,0.0,17.112,12.554,29.0,42.402,0.0,1.707,15.159,11.732,33.993,31.58,7.696,0.0,15.127,11.604,0.0,38.805,26.512,1.098,23.073,10.512
13,14.0,1904870,Battle Creek,ALL,0.0,2.828,28.364,46.982,10.346,11.48,2.183,12.695,3.796,22.318,7.152,51.857,5.242,21.521,17.02,9.204,13.847,33.166,12.101,34.379,30.191,6.946,11.835,4.548,0.0,1.346,5.128,40.831,5.807,46.888,0.0,13.74,16.275,27.733,26.614,15.639,2.452,19.035,37.153,13.54,14.72,13.1,3.312,7.395,25.444,19.644,18.877,25.329,3.804,19.18,29.204,37.162,5.493,5.157,2.927,14.613,17.202,19.304,2.737,43.217,21.791,28.758,28.822,5.322,11.489,3.818,65.981,31.676,1.293,0.0,1.05,0.0,38.156,48.446,0.0,5.493,7.905,0.0,1.069,27.399,59.268,10.374,1.89,0.0,23.601,59.692,11.612,0.82,2.959,1.316,34.134,38.379,9.461,1.069,13.751,3.206,18.833,32.312,15.345,19.128,13.082,1.3,13.721,32.815,29.945,6.716,7.836,8.968
14,15.0,1904960,Bayard,ALL,0.0,2.888,27.868,35.381,17.914,15.95,0.0,1.834,9.025,21.4,9.446,58.295,8.673,32.37,15.738,7.631,8.87,26.718,5.067,16.452,52.349,12.407,10.942,2.783,0.0,0.0,6.072,24.54,3.027,66.361,0.0,1.018,6.833,8.537,28.906,54.706,0.0,2.684,16.933,8.297,31.84,40.247,1.769,5.92,24.839,17.267,21.391,28.814,4.478,18.46,34.083,27.394,4.787,10.798,12.63,21.722,16.737,8.405,12.512,27.995,1.634,25.944,14.778,14.412,11.916,31.315,31.476,44.778,6.56,6.7,10.487,0.0,22.547,35.085,15.71,5.462,12.368,8.828,6.568,41.016,28.879,20.56,2.977,0.0,21.33,34.024,35.245,1.362,6.374,1.665,26.895,38.048,19.21,0.0,4.339,11.507,1.66,19.593,25.464,28.587,17.412,7.284,6.053,20.226,33.179,12.238,23.985,4.319
15,16.0,1905365,Bedford,ALL,2.463,8.105,33.437,44.144,11.85,0.0,14.894,48.277,29.835,3.043,3.951,0.0,49.574,37.71,6.358,0.0,6.358,0.0,7.251,19.642,35.107,16.239,19.042,2.719,1.072,21.202,53.16,24.566,0.0,0.0,12.73,31.066,26.958,4.849,18.55,5.845,6.175,27.678,32.14,2.516,30.347,1.144,6.432,19.749,33.514,15.487,16.553,8.265,8.998,35.613,44.434,3.797,4.482,2.676,6.009,39.199,21.408,13.958,7.288,12.138,30.396,38.862,26.498,0.0,4.244,0.0,35.424,48.168,12.71,0.0,3.698,0.0,36.265,37.861,21.579,0.0,4.295,0.0,1.509,16.126,48.532,33.833,0.0,0.0,26.452,53.436,15.192,0.0,4.92,0.0,41.824,35.092,5.972,0.0,12.649,4.464,19.086,61.022,14.782,2.178,2.932,0.0,18.233,40.513,17.653,2.295,19.591,1.714
16,17.0,1907030,Bloomfield,ALL,0.841,32.673,23.35,33.164,9.973,0.0,10.439,48.88,31.301,8.565,0.813,0.0,39.68,36.667,4.739,1.636,15.564,1.714,1.391,42.996,28.578,6.63,20.405,0.0,0.0,44.499,32.531,18.113,4.857,0.0,14.193,35.092,5.813,0.0,35.419,9.483,14.996,20.78,20.609,0.0,34.374,9.24,12.5,36.181,17.697,4.091,25.037,4.495,14.661,49.294,30.91,1.723,3.413,0.0,20.845,39.03,27.581,2.285,10.259,0.0,35.796,39.282,15.235,4.727,3.222,1.738,22.343,54.074,17.954,1.65,2.25,1.729,30.72,48.233,3.978,1.65,13.69,1.729,6.973,8.415,43.23,38.58,0.922,1.88,14.919,55.034,24.215,1.71,2.331,1.791,29.887,29.696,3.9,3.457,21.522,11.538,29.224,40.942,16.073,11.987,0.0,1.774,27.134,43.634,14.752,0.0,12.706,1.773
17,18.0,1909280,Buffalo Center,ALL,7.297,25.54,33.799,16.714,16.65,0.0,25.256,50.473,18.273,3.882,0.892,1.223,43.927,33.088,18.628,0.0,4.356,0.0,9.486,34.839,34.432,9.768,10.1,1.376,3.851,28.942,51.645,15.562,0.0,0.0,23.695,30.081,29.694,0.0,16.53,0.0,6.66,41.114,22.932,5.05,21.79,2.454,4.442,34.109,32.67,13.318,12.396,3.064,6.816,44.578,41.209,4.279,3.117,0.0,16.962,30.921,26.464,15.616,5.811,4.227,32.636,41.703,19.233,0.0,5.521,0.908,70.329,25.799,0.0,0.0,3.872,0.0,66.791,23.153,2.533,0.0,7.524,0.0,3.526,22.109,36.936,37.429,0.0,0.0,31.386,53.438,9.187,0.0,5.989,0.0,45.566,28.512,5.617,0.0,17.999,2.306,25.129,38.025,11.755,2.871,20.875,1.346,14.648,55.451,14.433,3.803,9.584,2.082
18,19.0,1910045,Calmar,ALL,3.835,8.18,31.306,35.873,4.346,16.46,7.671,44.52,14.918,17.557,13.056,2.277,46.827,43.234,5.114,1.486,2.595,0.743,3.012,19.89,21.473,17.066,19.527,19.031,0.782,14.124,5.797,51.19,3.209,24.897,5.107,43.691,3.065,0.0,28.212,19.925,1.54,28.474,10.42,0.739,39.673,19.154,1.564,17.7,18.004,25.974,15.294,21.464,3.897,24.419,38.136,27.325,5.468,0.754,4.508,36.009,33.879,12.336,4.197,9.07,19.679,41.894,35.161,0.0,2.568,0.698,53.198,42.11,0.0,0.0,4.692,0.0,49.983,26.106,15.127,0.0,8.784,0.0,2.153,25.02,28.166,40.667,3.296,0.698,20.299,66.011,9.281,0.0,4.41,0.0,5.114,53.905,0.714,0.0,20.129,20.138,3.633,68.791,13.313,3.633,8.777,1.854,3.704,39.898,39.919,0.0,16.479,0.0
19,20.0,1912270,Center Point,ALL,7.116,24.708,27.284,19.177,21.046,0.67,21.702,36.571,26.257,1.576,9.947,3.947,61.736,22.052,9.048,1.597,3.548,2.019,21.456,40.055,13.544,4.12,16.499,4.327,3.976,17.858,52.899,15.147,4.872,5.249,2.502,37.802,15.948,2.78,33.739,7.23,1.582,13.15,18.147,4.367,52.329,10.426,17.002,21.465,27.068,9.206,21.124,4.134,4.51,30.991,50.066,5.728,8.705,0.0,10.543,22.592,28.387,21.617,8.904,7.956,0.332,26.713,17.677,26.106,14.626,14.546,46.97,35.606,0.331,1.544,15.55,0.0,51.197,32.703,0.33,1.538,14.232,0.0,3.658,37.33,34.509,22.96,1.544,0.0,28.815,52.749,8.321,1.594,6.848,1.673,44.875,39.768,4.247,1.563,7.971,1.575,20.51,36.435,19.626,2.737,15.447,5.245,16.386,43.322,23.274,1.718,12.556,2.743
20,21.0,1912720,Chariton,ALL,5.245,34.165,31.543,19.864,9.183,0.0,11.149,43.261,27.697,4.6,13.293,0.0,10.03,44.865,25.454,3.174,12.0,4.477,5.444,24.727,40.491,17.527,10.563,1.249,0.0,5.998,49.11,40.618,4.275,0.0,2.318,23.418,19.193,0.0,49.166,5.905,7.688,38.287,17.965,7.145,24.595,4.32,6.774,14.782,39.591,7.274,27.022,4.558,3.387,37.24,50.385,5.892,3.097,0.0,10.546,26.764,32.803,17.707,6.676,5.504,4.554,47.172,21.657,11.041,15.576,0.0,49.118,34.948,7.171,0.0,8.763,0.0,21.684,39.96,14.037,0.0,24.319,0.0,0.0,7.42,49.86,38.216,4.504,0.0,1.098,32.702,45.439,3.881,16.88,0.0,20.124,41.049,1.248,0.0,36.509,1.07,1.082,20.056,16.283,31.445,20.016,11.119,1.346,47.279,39.711,4.486,7.178,0.0
21,22.0,1913080,Cherokee,ALL,2.02,25.205,49.671,16.683,4.258,2.163,28.951,43.87,10.96,4.898,1.147,10.174,19.226,41.448,27.682,3.916,5.769,1.959,6.297,36.125,35.936,14.52,6.087,1.036,4.831,40.256,40.6,13.166,1.147,0.0,5.324,17.929,34.865,6.559,21.051,14.272,6.432,36.361,21.293,5.203,18.886,11.825,16.163,25.42,23.648,10.747,8.669,15.352,10.262,55.248,26.19,6.279,2.022,0.0,22.027,45.953,25.292,4.115,2.274,0.339,34.74,37.419,20.156,5.808,0.908,0.969,44.109,42.214,10.799,0.0,2.878,0.0,38.945,41.047,13.734,2.931,3.344,0.0,6.526,32.668,42.619,17.227,0.0,0.96,33.317,40.507,25.216,0.0,0.0,0.96,27.046,30.672,23.157,12.583,2.688,3.854,18.621,47.693,23.105,6.927,0.894,2.76,20.719,47.192,20.1,5.789,6.2,0.0
22,23.0,1913530,Clarence,ALL,2.292,4.785,36.734,32.474,22.485,1.231,36.167,37.723,11.911,3.361,10.838,0.0,24.409,22.952,15.709,4.104,31.436,1.389,3.843,42.136,33.666,2.822,16.348,1.185,4.071,0.0,13.686,41.496,6.818,33.928,0.0,11.803,8.702,12.308,56.44,10.748,6.399,24.802,14.046,5.749,40.216,8.786,2.515,13.384,16.303,13.579,38.198,16.021,2.601,30.274,43.72,13.76,7.551,2.094,4.377,18.607,16.9,19.891,6.727,33.498,33.722,38.673,13.968,2.203,7.88,3.555,53.628,28.628,6.101,1.325,8.994,1.325,63.502,19.088,3.571,1.325,11.19,1.325,5.232,26.334,28.0,31.898,5.024,3.512,59.861,24.486,3.594,5.621,5.085,1.352,36.59,24.446,5.591,1.325,23.701,8.347,22.44,35.67,14.873,3.571,17.717,5.729,7.081,44.094,10.563,2.671,25.221,10.37
23,24.0,1913575,Clarinda,ALL,0.599,33.654,45.171,12.965,7.611,0.0,14.278,48.66,28.776,5.199,3.087,0.0,25.691,53.268,7.382,0.0,13.66,0.0,2.149,37.449,40.181,14.888,5.333,0.0,1.593,16.678,53.881,26.828,1.019,0.0,10.124,37.89,20.782,1.107,28.477,1.62,1.215,26.6,21.806,0.0,41.123,9.256,6.307,21.927,31.579,15.651,23.401,1.136,6.238,42.156,40.819,6.323,3.348,1.116,17.79,43.821,23.172,11.161,3.356,0.7,30.2,42.422,20.654,3.669,3.055,0.0,49.557,41.068,7.299,0.0,2.076,0.0,63.213,15.92,15.199,0.0,5.669,0.0,2.044,36.82,47.103,14.033,0.0,0.0,14.905,62.424,17.372,1.853,3.446,0.0,44.177,26.593,10.566,2.076,15.09,1.498,29.042,38.113,26.883,4.127,1.835,0.0,15.474,44.949,27.217,1.873,10.487,0.0
24,25.0,1915240,Colo,ALL,0.0,6.368,21.594,38.272,29.9,3.866,2.729,3.816,7.775,13.319,6.81,65.55,24.796,46.337,5.131,0.0,22.327,1.41,12.068,31.028,35.168,5.014,13.966,2.756,0.0,3.911,4.533,18.97,6.93,65.656,9.454,19.114,21.106,1.917,43.006,5.404,9.474,17.947,14.646,2.192,42.86,12.88,8.106,17.736,14.242,7.089,50.017,2.81,8.116,18.76,51.832,3.6,12.881,4.81,11.883,21.384,18.834,10.321,6.654,30.924,24.052,27.472,12.54,5.79,16.441,13.705,53.844,27.68,2.031,0.0,15.071,1.374,49.522,25.984,3.488,0.0,19.598,1.408,7.479,39.156,36.941,13.125,1.211,2.088,24.292,38.683,30.196,1.641,3.797,1.391,19.9,36.399,8.209,2.031,22.042,11.419,31.286,42.997,15.318,1.621,7.404,1.374,15.635,50.417,8.755,0.0,23.769,1.424
25,26.0,1915420,Columbus Junction,ALL,0.687,17.999,35.383,37.195,6.65,2.086,26.865,22.072,31.545,14.59,4.234,0.695,5.946,10.75,46.861,32.772,3.672,0.0,0.583,18.882,28.898,41.951,8.219,1.466,0.0,16.855,34.799,47.089,0.583,0.675,0.713,29.315,12.263,26.384,28.83,2.494,11.34,24.388,25.997,5.102,32.482,0.691,0.0,17.986,46.687,10.209,23.793,1.325,0.597,25.119,41.947,5.113,27.225,0.0,2.021,13.344,40.709,34.719,6.241,2.966,8.883,61.331,8.13,20.49,1.166,0.0,39.023,56.502,2.129,0.0,2.346,0.0,23.222,56.706,4.46,10.677,4.935,0.0,2.392,41.206,39.901,14.434,2.068,0.0,8.812,39.826,33.394,2.082,14.397,1.489,23.345,53.84,4.541,0.0,14.623,3.65,11.848,52.346,13.836,2.932,13.59,5.448,3.686,59.18,7.443,13.37,16.321,0.0
26,27.0,1916500,Corning,ALL,8.708,22.365,42.557,17.643,7.143,1.585,48.451,36.983,13.893,0.673,0.0,0.0,22.539,32.57,27.381,4.363,13.147,0.0,3.361,21.422,33.818,28.064,13.335,0.0,2.262,31.1,48.525,17.373,0.74,0.0,19.631,33.273,17.148,2.437,25.11,2.401,5.974,32.066,22.211,8.367,30.596,0.786,5.821,35.226,13.436,17.129,25.985,2.401,8.991,57.161,27.378,5.673,0.797,0.0,21.966,31.939,31.041,5.771,5.541,3.742,41.057,39.033,15.848,4.061,0.0,0.0,62.709,31.035,3.801,0.598,0.0,1.856,43.914,42.103,10.619,0.659,0.659,2.045,4.154,28.021,40.385,27.44,0.0,0.0,28.88,52.678,17.123,0.659,0.659,0.0,31.668,43.252,9.451,2.188,8.66,4.782,46.519,43.043,7.559,2.879,0.0,0.0,15.134,52.519,17.755,2.25,10.224,2.118
27,28.0,1916545,Correctionville,ALL,0.0,11.981,34.71,29.27,19.744,4.295,19.462,45.971,14.659,1.756,13.137,5.015,44.859,31.401,14.19,0.793,8.756,0.0,6.429,14.204,39.546,12.401,22.402,5.018,4.243,19.295,46.03,18.336,5.719,6.376,11.047,13.777,10.629,7.206,43.833,13.507,5.981,24.657,16.477,2.915,34.151,15.819,7.241,22.485,22.213,9.906,20.33,17.824,3.702,37.799,33.008,20.255,5.236,0.0,15.063,31.895,18.95,10.425,10.107,13.56,10.191,46.012,27.53,1.575,10.893,3.8,38.076,43.931,8.706,1.534,7.752,0.0,37.038,40.499,11.449,2.562,8.452,0.0,2.302,37.827,43.563,7.109,6.264,2.935,27.808,51.927,9.578,4.05,3.702,2.935,31.73,39.9,5.911,0.0,16.975,5.484,14.052,40.899,29.234,2.732,9.976,3.107,7.626,43.807,13.133,2.228,31.739,1.467
28,29.0,1919945,Denison,ALL,18.876,45.844,17.871,7.565,8.392,1.451,30.317,36.543,27.895,5.244,0.0,0.0,45.184,35.152,6.904,1.372,11.388,0.0,9.311,36.379,33.051,7.626,12.308,1.325,13.562,33.613,36.636,16.189,0.0,0.0,15.811,28.01,16.345,0.0,34.451,5.383,14.039,15.063,24.701,5.175,37.745,3.277,6.141,37.015,12.24,4.187,30.224,10.193,7.305,45.577,40.443,1.423,4.767,0.485,23.522,40.073,26.841,4.694,4.87,0.0,34.674,48.318,13.593,1.386,2.03,0.0,46.846,41.121,8.968,0.0,3.065,0.0,33.175,37.506,13.051,0.0,16.268,0.0,7.656,46.645,27.011,18.688,0.0,0.0,13.123,61.115,15.8,3.098,6.864,0.0,39.229,32.533,12.522,3.406,9.545,2.764,32.701,49.069,9.642,3.212,4.087,1.288,25.036,48.083,20.038,1.392,5.45,0.0
29,30.0,1921810,Donnellson,ALL,6.595,2.787,29.659,37.594,18.647,4.719,2.015,1.663,13.831,17.721,4.034,60.737,55.059,27.139,3.106,0.0,12.496,2.2,0.832,45.461,35.484,5.158,13.065,0.0,0.0,5.744,0.78,36.112,1.911,55.453,16.197,26.857,20.233,8.329,25.399,2.984,2.651,21.403,30.857,4.357,34.719,6.014,3.496,30.881,18.932,13.742,24.362,8.587,1.583,21.733,45.47,16.83,13.223,1.161,4.127,18.591,29.915,16.633,4.529,26.204,4.207,44.646,30.085,6.426,13.527,1.11,39.478,38.591,7.949,0.0,13.982,0.0,49.077,29.202,3.456,0.0,18.265,0.0,2.217,18.55,38.888,29.204,10.044,1.097,19.492,52.386,11.406,5.572,10.046,1.097,12.505,45.886,16.025,9.147,13.243,3.194,8.149,12.18,17.048,52.108,9.364,1.15,5.178,52.274,29.097,1.88,11.571,0.0
30,31.0,1922620,Dumont,ALL,0.0,6.099,28.755,46.024,9.921,9.2,1.448,35.258,27.473,13.466,11.535,10.82,8.091,21.964,11.777,2.353,11.437,44.378,5.326,38.8,43.591,0.0,12.283,0.0,6.349,17.118,35.239,25.857,4.069,11.369,0.0,4.794,19.343,20.545,39.912,15.407,1.476,23.28,24.992,10.9,30.622,8.729,4.284,6.32,25.104,20.708,22.689,20.895,4.18,22.955,55.869,8.537,7.201,1.257,4.815,19.422,21.546,25.893,9.751,18.572,12.064,37.476,14.752,19.88,4.341,11.486,40.901,44.814,3.382,1.161,9.742,0.0,31.638,40.474,15.232,4.591,8.065,0.0,23.782,41.171,30.655,0.0,4.392,0.0,32.79,37.291,20.854,0.0,7.891,1.173,32.153,41.262,0.0,4.495,14.458,7.633,28.284,42.128,7.814,4.806,12.576,4.392,10.76,40.182,19.427,3.7,24.697,1.233
31,32.0,1923250,Eagle Grove,ALL,1.142,14.984,32.387,37.847,12.765,0.875,12.413,47.857,21.942,10.222,7.566,0.0,30.364,32.774,23.507,2.14,11.215,0.0,2.133,42.224,31.333,10.488,13.822,0.0,1.049,26.846,43.904,27.151,1.049,0.0,11.902,28.191,20.202,11.373,27.464,0.868,6.898,13.728,27.44,4.653,47.282,0.0,1.979,26.726,30.787,20.678,18.973,0.858,1.94,29.64,55.041,7.746,5.632,0.0,5.985,37.219,36.215,16.613,3.968,0.0,16.71,38.03,28.747,16.513,0.0,0.0,43.325,39.232,12.284,0.0,5.159,0.0,28.21,32.805,10.383,11.54,17.063,0.0,2.407,18.057,51.831,27.705,0.0,0.0,10.235,55.901,24.466,6.844,2.555,0.0,47.336,41.143,4.231,1.058,3.384,2.848,42.684,40.912,6.53,5.511,4.363,0.0,6.732,43.329,37.807,1.888,9.174,1.069
32,33.0,1924645,Elgin,ALL,2.178,14.643,23.86,32.469,15.272,11.579,3.076,28.082,30.184,18.773,8.098,11.787,26.008,50.929,9.53,0.0,12.656,0.877,14.218,40.852,17.537,3.761,10.714,12.918,2.665,21.949,43.261,22.346,4.454,5.324,2.582,8.704,26.981,5.583,35.831,20.319,1.799,17.509,13.718,6.835,33.915,26.223,7.724,47.115,15.53,5.897,19.563,4.171,21.352,31.667,25.813,2.464,4.114,14.591,13.099,33.322,10.259,12.876,7.548,22.895,8.81,29.43,24.971,12.058,18.266,6.465,50.863,44.38,0.0,1.504,3.253,0.0,20.883,50.161,3.493,7.834,16.769,0.861,22.221,35.333,25.85,14.819,1.776,0.0,33.448,53.139,9.005,1.105,3.303,0.0,23.564,25.497,1.916,0.0,25.707,23.316,17.542,44.168,6.406,0.0,15.94,15.944,12.414,59.34,11.096,5.49,11.66,0.0
33,34.0,1924780,Elk Horn,ALL,8.956,23.083,34.682,22.112,6.834,4.333,32.878,46.047,16.792,4.283,0.0,0.0,46.814,43.813,1.107,3.868,3.245,1.153,13.125,41.702,27.214,6.898,9.887,1.174,3.064,10.078,32.962,40.705,0.0,13.19,17.078,28.69,25.221,3.698,22.002,3.312,13.852,23.198,14.392,10.552,32.147,5.859,10.286,28.124,28.321,11.298,17.465,4.506,14.29,39.514,38.816,4.537,2.844,0.0,16.069,23.339,25.074,12.244,4.394,18.88,8.271,34.288,28.786,12.173,5.593,10.889,64.128,29.876,2.24,0.0,3.755,0.0,59.364,23.725,9.157,1.713,6.042,0.0,15.127,32.088,36.203,16.582,0.0,0.0,33.306,48.996,17.697,0.0,0.0,0.0,52.691,30.525,5.218,0.0,4.662,6.903,35.391,29.98,18.737,3.991,8.427,3.474,28.028,40.958,16.717,6.116,6.981,1.199
34,35.0,1925095,Elma,ALL,2.836,16.087,23.256,42.213,11.385,4.224,0.0,8.803,10.132,26.247,9.988,44.831,7.978,25.135,4.083,11.698,22.964,28.143,3.033,30.154,35.825,6.949,16.511,7.528,1.366,5.337,24.602,25.31,7.263,36.122,20.713,22.946,19.293,4.043,25.473,7.532,4.141,34.839,17.376,16.19,22.041,5.414,3.533,15.649,22.72,19.74,25.856,12.502,1.461,26.27,46.67,15.227,7.466,2.906,8.852,35.558,28.393,9.998,9.692,7.507,2.664,29.679,30.104,17.487,12.318,7.748,32.614,48.768,7.194,0.0,11.424,0.0,21.485,56.469,8.459,4.084,9.502,0.0,3.617,39.832,38.953,9.161,7.321,1.115,23.947,54.858,11.66,1.432,8.103,0.0,18.031,39.993,12.608,3.203,19.564,6.601,16.732,51.233,11.306,3.821,15.805,1.103,1.096,49.443,20.094,8.542,19.73,1.096
35,36.0,1925725,Epworth,ALL,1.435,20.308,41.028,14.942,15.959,6.327,11.23,5.264,20.827,0.309,18.808,43.561,71.269,17.814,2.311,0.0,8.606,0.0,26.635,37.228,15.367,9.511,6.303,4.958,6.1,17.865,26.16,12.162,3.379,34.335,24.51,22.624,9.037,0.0,36.765,7.064,0.94,10.186,20.19,4.994,40.247,23.443,7.799,35.153,26.396,3.919,14.124,12.608,11.958,42.221,38.903,1.476,5.442,0.0,12.56,13.824,25.094,13.794,3.673,31.055,53.598,34.678,11.433,0.0,0.292,0.0,82.163,10.248,4.706,0.0,1.331,1.552,83.995,10.036,0.0,0.0,1.619,4.35,45.577,28.399,20.262,5.762,0.0,0.0,35.177,41.445,20.325,0.0,3.053,0.0,33.741,29.448,15.326,1.056,15.995,4.434,44.973,25.296,12.674,4.142,11.859,1.056,27.621,39.691,19.064,0.0,13.624,0.0
36,37.0,1925860,Estherville,ALL,1.21,36.816,40.011,17.324,3.599,1.04,22.633,63.03,14.336,0.0,0.0,0.0,10.693,45.691,23.818,12.305,5.379,2.114,8.67,27.716,35.989,15.157,12.468,0.0,4.921,18.609,48.566,26.461,1.443,0.0,3.562,23.057,19.234,6.229,42.392,5.527,4.646,38.09,13.421,3.171,31.943,8.728,8.06,30.02,39.194,9.214,10.257,3.255,7.578,50.317,40.962,0.0,1.143,0.0,12.899,54.722,23.07,3.312,3.579,2.418,39.509,45.378,10.0,0.0,5.113,0.0,32.31,38.255,9.624,0.0,18.72,1.091,31.304,44.903,9.79,1.498,12.504,0.0,11.007,52.447,28.115,7.4,0.0,1.032,32.77,49.778,9.736,6.638,1.079,0.0,22.103,42.207,26.246,0.0,1.033,8.411,37.176,32.87,21.451,1.091,5.23,2.182,16.299,62.111,10.874,1.215,8.456,1.044
37,38.0,1926175,Everly,ALL,1.082,12.416,32.468,22.902,13.768,17.364,2.414,5.577,4.604,4.788,0.0,82.618,34.867,36.967,12.228,4.358,11.58,0.0,8.104,26.256,32.046,8.466,23.383,1.746,1.251,6.81,5.525,12.941,6.311,67.162,22.646,31.252,22.779,0.0,17.594,5.73,4.256,25.653,18.319,0.0,33.616,18.156,5.611,25.534,19.862,7.047,27.298,14.647,6.594,36.043,24.149,19.168,14.046,0.0,2.6,14.042,17.695,11.332,7.727,46.603,14.267,47.777,16.853,10.117,4.294,6.693,52.512,39.154,7.086,0.0,1.248,0.0,53.606,28.995,7.159,0.0,10.239,0.0,8.15,53.324,26.786,11.106,0.635,0.0,38.963,53.503,3.453,0.0,4.081,0.0,25.851,41.132,3.864,5.399,17.283,6.471,18.419,45.201,15.59,3.426,15.05,2.314,13.981,50.008,6.858,7.053,22.1,0.0
38,39.0,1926895,Farmington,ALL,0.0,6.536,12.549,68.518,8.23,4.167,7.776,27.626,52.711,10.998,0.889,0.0,0.858,13.138,27.183,47.822,7.634,3.365,0.877,30.059,37.259,19.54,11.618,0.646,0.0,12.526,20.716,50.111,2.565,14.082,0.0,6.598,22.967,15.962,32.013,22.459,8.622,29.343,31.913,7.405,20.002,2.714,6.722,3.269,15.308,33.076,27.167,14.458,1.621,13.964,57.953,22.03,2.837,1.593,9.558,6.661,12.382,33.738,3.056,34.605,7.853,22.691,35.487,11.408,2.388,20.173,22.743,48.466,21.321,3.401,4.069,0.0,38.391,18.489,29.061,12.574,1.486,0.0,0.0,5.411,34.507,56.577,2.616,0.889,6.393,39.635,46.089,4.93,2.953,0.0,27.983,21.203,15.448,2.327,28.201,4.838,14.562,50.623,14.797,12.587,5.822,1.609,2.142,31.488,44.904,4.079,15.941,1.447
39,40.0,1928290,Fontanelle,ALL,5.904,21.798,35.26,20.63,8.544,7.864,7.537,54.371,20.069,12.166,1.525,4.332,38.725,30.753,14.989,4.259,9.647,1.627,1.643,38.646,26.264,11.402,12.384,9.661,1.555,17.383,30.206,30.352,3.109,17.395,5.507,27.621,27.208,1.666,27.928,10.07,2.981,28.707,26.108,6.401,21.074,14.729,4.518,25.452,24.835,8.772,20.872,15.552,5.196,37.553,43.206,8.785,5.261,0.0,0.961,13.664,17.41,14.242,3.934,49.788,21.88,43.564,19.524,5.819,3.177,6.036,59.248,36.469,2.718,0.0,1.565,0.0,57.985,34.547,2.76,0.0,4.708,0.0,8.574,43.862,38.989,8.574,0.0,0.0,43.306,53.319,3.376,0.0,0.0,0.0,33.835,30.924,6.934,4.748,17.386,6.173,29.375,47.503,9.951,10.601,0.0,2.571,18.197,53.091,20.478,1.622,4.99,1.622
40,41.0,1929280,Fruitland,ALL,5.836,11.691,11.493,19.429,10.037,41.514,0.972,4.266,5.431,1.331,0.0,87.999,19.195,21.696,10.166,1.967,9.769,37.206,27.39,57.364,7.24,0.38,2.335,5.29,0.0,0.378,4.533,0.378,0.966,93.745,4.228,13.582,5.681,8.921,36.206,31.382,7.862,18.212,13.179,7.885,37.247,15.615,2.977,7.064,4.315,15.687,27.651,42.306,9.977,18.664,34.696,14.523,5.977,16.163,2.295,6.914,11.913,8.611,2.219,68.048,20.789,26.627,35.314,11.392,1.963,3.914,43.096,41.173,14.371,0.982,0.0,0.378,35.043,35.443,14.371,0.982,8.856,5.305,15.037,53.224,29.39,0.991,0.0,1.358,48.992,26.211,22.834,0.982,0.982,0.0,45.425,50.645,2.57,0.982,0.0,0.378,29.726,41.368,2.92,0.972,0.375,24.639,20.407,49.303,19.651,1.373,3.332,5.935
41,42.0,1929910,Garnavillo,ALL,4.698,14.997,33.658,29.136,13.5,4.012,12.958,46.458,20.687,5.893,8.11,5.893,31.237,44.369,16.371,0.0,7.048,0.975,7.869,39.992,25.865,6.876,16.885,2.513,2.047,16.891,33.489,26.774,5.442,15.357,19.518,39.028,12.476,0.0,26.483,2.495,10.423,36.866,16.845,6.699,29.167,0.0,5.831,27.239,23.974,7.269,30.305,5.382,12.59,39.806,35.987,6.825,4.792,0.0,12.479,22.553,16.952,15.409,5.932,26.676,33.476,48.327,12.178,1.497,4.523,0.0,61.048,32.42,2.067,0.0,4.466,0.0,60.266,31.034,1.095,2.133,5.473,0.0,16.11,40.782,36.364,3.234,3.511,0.0,48.968,42.619,5.86,0.0,2.554,0.0,34.293,46.984,2.306,1.324,12.981,2.113,26.543,46.135,6.726,4.967,13.516,2.113,13.405,44.718,13.075,9.039,14.112,5.651
42,43.0,1930225,George,ALL,2.879,36.946,33.309,8.589,14.109,4.169,16.678,47.59,17.891,4.163,7.708,5.97,43.362,39.932,7.49,1.217,6.686,1.313,5.831,23.317,38.688,16.206,13.848,2.111,5.723,22.829,45.537,9.649,2.698,13.563,5.755,44.532,10.458,8.484,25.132,5.639,4.223,18.029,24.946,17.211,25.104,10.486,5.422,29.708,29.471,11.511,20.698,3.19,4.438,49.474,38.236,2.109,3.634,2.109,10.064,46.425,25.22,4.407,4.668,9.217,31.635,47.275,16.963,2.965,1.163,0.0,60.333,32.096,6.388,0.0,1.183,0.0,69.419,20.988,5.286,0.0,4.307,0.0,6.51,31.436,47.232,12.537,2.285,0.0,28.814,58.888,8.017,1.966,2.314,0.0,48.175,30.149,9.291,0.0,9.926,2.46,21.885,45.955,22.608,2.46,7.093,0.0,19.851,49.201,16.097,3.042,9.255,2.553
43,44.0,1930675,Gilbertville,ALL,1.48,10.751,21.99,15.608,27.578,22.594,4.214,5.883,5.28,4.659,3.926,76.037,4.326,4.16,1.431,4.16,10.567,75.356,30.997,53.131,11.404,0.0,4.469,0.0,0.0,3.878,3.552,14.159,1.302,77.109,16.009,35.409,8.551,2.011,33.447,4.573,3.389,7.214,15.898,6.248,35.322,31.929,10.027,17.118,13.218,3.379,33.08,23.179,12.506,38.343,28.759,9.861,6.024,4.506,1.619,17.864,13.934,7.829,2.815,55.939,30.198,56.336,10.14,0.0,3.326,0.0,48.066,43.237,2.629,0.0,6.068,0.0,32.168,45.096,8.023,2.629,12.085,0.0,29.891,51.666,15.216,3.228,0.0,0.0,36.311,52.923,9.348,0.0,1.418,0.0,46.562,48.799,2.788,0.0,0.0,1.85,37.37,50.411,4.352,6.017,0.0,1.85,21.64,49.248,15.327,1.421,5.456,6.908
44,45.0,1931395,Glidden,ALL,1.38,25.844,35.31,15.645,19.047,2.774,3.603,6.295,8.537,21.143,13.556,46.867,49.022,26.939,7.079,0.0,12.301,4.659,7.055,49.107,18.527,3.984,14.259,7.068,6.993,14.249,30.242,29.356,2.813,16.347,17.118,30.078,15.711,1.356,21.493,14.244,0.0,8.174,16.862,2.708,56.242,16.014,10.757,31.887,24.167,4.974,18.296,9.92,6.029,39.179,37.273,7.16,5.103,5.257,8.22,25.692,24.747,9.102,11.453,20.785,6.978,34.187,28.359,2.506,17.023,10.947,56.005,36.75,0.0,0.0,7.246,0.0,55.423,30.745,3.525,0.0,10.306,0.0,17.838,45.043,24.52,2.149,7.936,2.516,37.022,37.177,15.443,0.0,10.357,0.0,38.282,23.685,1.251,2.516,19.308,14.958,16.715,48.498,14.17,2.122,14.773,3.721,23.769,33.164,15.434,0.0,24.805,2.828
45,46.0,1931710,Gowrie,ALL,3.1,23.532,36.183,13.026,19.551,4.609,33.066,48.418,16.397,0.0,2.119,0.0,37.97,45.852,5.198,1.866,9.114,0.0,5.399,38.183,42.342,2.787,10.092,1.196,3.468,25.014,39.368,23.345,7.859,0.946,17.027,41.272,8.847,0.967,21.181,10.706,10.164,29.878,16.306,0.986,31.0,11.664,3.835,29.338,29.802,6.897,23.202,6.925,13.632,47.347,35.835,0.0,3.187,0.0,7.567,31.315,30.204,12.971,7.818,10.125,22.052,43.67,23.009,3.731,7.538,0.0,59.54,28.78,5.438,0.0,6.243,0.0,55.045,29.917,6.373,0.935,7.729,0.0,9.169,38.149,43.532,7.284,0.919,0.947,29.488,57.117,11.244,0.0,2.151,0.0,38.962,39.651,8.551,0.0,10.392,2.444,34.09,43.564,10.869,4.414,7.063,0.0,24.285,54.027,12.796,0.953,7.939,0.0
46,47.0,1931800,Graettinger,ALL,7.988,48.853,26.13,13.268,2.476,1.284,9.835,49.807,31.589,7.574,1.196,0.0,45.064,33.95,6.105,5.267,9.615,0.0,2.154,45.269,43.644,3.161,3.693,2.079,2.955,12.704,37.016,33.45,5.368,8.506,18.46,39.492,14.08,0.0,24.575,3.394,6.105,31.294,10.747,9.675,39.525,2.654,12.324,27.624,29.087,9.647,12.438,8.881,11.887,56.843,26.375,0.906,2.593,1.395,15.716,38.341,25.917,4.537,2.998,12.492,10.161,32.933,41.218,14.558,1.13,0.0,54.324,37.927,3.874,3.874,0.0,0.0,52.216,41.868,0.787,0.0,5.13,0.0,4.605,55.125,31.309,7.845,1.116,0.0,25.787,69.346,3.76,0.0,1.107,0.0,57.922,22.875,1.126,3.907,12.958,1.212,23.279,47.682,8.519,6.703,13.816,0.0,21.327,53.151,14.105,0.814,10.603,0.0
47,48.0,1932025,Grand Mound,ALL,0.0,7.441,14.421,32.96,22.52,22.658,3.013,18.967,1.559,3.054,3.862,69.545,5.428,15.861,5.256,0.0,3.938,69.517,7.238,34.762,31.408,6.553,15.076,4.962,0.0,1.919,2.569,17.476,2.733,75.302,11.941,14.618,23.582,6.196,29.264,14.399,1.921,15.983,12.63,1.254,37.351,30.861,1.121,11.347,17.375,24.378,19.285,26.493,7.009,24.946,29.823,16.339,13.31,8.574,1.377,7.217,16.369,11.642,4.929,58.465,14.132,47.968,28.695,0.0,3.47,5.735,58.68,35.329,0.0,0.0,5.992,0.0,50.806,36.945,1.565,0.0,10.684,0.0,4.016,25.462,47.314,16.315,6.892,0.0,26.11,60.055,10.378,0.0,3.457,0.0,35.205,33.61,4.941,0.0,19.514,6.73,8.062,47.159,19.425,7.359,16.779,1.216,8.563,44.122,17.301,0.721,16.582,12.711
48,49.0,1933780,Hamburg,ALL,2.13,14.785,49.31,21.789,8.863,3.122,19.139,38.389,29.959,7.915,3.419,1.179,6.939,36.509,29.025,15.934,9.525,2.067,2.946,36.181,38.993,12.666,8.232,0.982,0.955,8.938,13.317,48.477,3.88,24.433,11.74,37.426,16.113,14.152,15.038,5.531,1.949,20.93,15.419,3.243,48.623,9.835,0.0,22.616,32.256,17.127,21.338,6.663,2.042,15.104,62.52,12.783,6.607,0.945,3.124,25.841,22.519,23.345,8.825,16.347,8.491,30.804,37.902,16.062,5.777,0.963,44.578,48.533,2.294,1.124,3.471,0.0,47.808,31.606,2.294,6.916,11.375,0.0,4.282,23.11,57.896,10.475,2.33,1.908,15.245,51.635,23.742,7.003,2.376,0.0,56.084,35.438,1.135,1.135,3.95,2.258,12.739,26.08,26.631,22.182,4.551,7.817,21.276,33.992,30.397,1.195,10.927,2.212
49,50.0,1934680,Hartford,ALL,0.0,0.0,7.315,52.151,19.552,20.983,1.02,1.02,7.209,16.949,6.297,67.504,46.891,24.427,6.071,4.234,17.566,0.812,3.638,27.343,52.158,5.014,9.93,1.917,0.0,3.883,0.999,18.201,1.997,74.92,8.296,19.599,16.254,19.521,32.153,4.177,2.187,9.19,12.789,12.261,33.58,29.993,12.064,4.022,15.364,18.332,25.103,25.115,3.563,19.368,21.753,40.094,9.484,5.739,0.939,9.217,13.725,20.83,4.404,50.884,7.431,28.826,33.128,12.776,4.819,13.02,33.907,30.015,26.05,9.021,1.007,0.0,20.998,34.048,27.015,7.884,9.056,0.999,1.922,29.062,24.9,37.852,6.264,0.0,6.233,53.003,24.62,6.802,7.527,1.814,41.795,43.241,10.873,0.0,3.3,0.791,19.426,50.582,17.652,2.301,5.914,4.125,7.766,30.863,33.253,15.75,12.368,0.0
50,51.0,1934725,Hartley,ALL,3.701,24.054,38.237,21.318,11.578,1.113,16.767,48.014,28.519,4.65,2.05,0.0,29.518,36.451,18.525,0.0,12.48,3.026,1.754,48.7,27.178,1.627,20.741,0.0,6.711,19.603,39.071,30.393,4.222,0.0,4.96,37.822,29.205,2.859,24.065,1.089,3.151,22.1,20.016,8.387,40.42,5.926,3.693,30.672,24.818,12.799,22.98,5.038,4.053,30.31,54.514,7.536,3.586,0.0,5.607,19.856,34.472,22.915,8.916,8.233,20.668,38.361,25.159,12.756,3.057,0.0,46.271,45.195,3.374,0.0,5.16,0.0,43.731,43.282,3.621,0.0,9.366,0.0,4.135,41.299,32.34,22.226,0.0,0.0,23.139,62.516,6.913,1.682,4.684,1.067,39.412,46.043,0.0,0.0,10.323,4.221,47.555,34.002,10.432,0.0,6.966,1.045,18.584,52.258,13.882,8.045,7.231,0.0
51,52.0,1936345,Hills,ALL,3.321,28.641,26.961,16.367,13.566,11.144,3.202,13.86,3.169,4.448,3.169,72.153,32.472,32.94,5.513,6.874,19.133,3.068,18.207,55.803,17.501,2.065,3.779,2.645,2.224,4.821,22.263,13.596,0.0,57.095,12.916,15.688,13.737,10.84,30.445,16.374,5.473,17.663,21.043,6.186,24.615,25.019,2.392,17.323,22.541,10.101,25.14,22.501,15.143,30.16,40.723,7.098,2.803,4.073,8.621,20.142,9.87,12.042,1.68,47.644,14.127,62.91,15.353,0.0,5.925,1.684,57.275,34.163,2.999,0.0,5.564,0.0,48.653,43.022,0.824,0.0,7.501,0.0,17.926,63.255,17.119,1.7,0.0,0.0,36.009,59.171,0.871,3.092,0.856,0.0,51.103,40.424,6.748,0.0,1.724,0.0,6.594,38.998,24.281,13.525,0.864,15.739,17.107,57.801,12.291,1.763,8.423,2.615
52,53.0,1937155,Hopkinton,ALL,0.0,14.38,35.803,26.409,16.8,6.607,16.357,39.389,20.227,9.03,10.076,4.921,38.56,37.383,2.248,1.338,19.413,1.058,4.338,35.892,35.973,5.569,15.136,3.093,1.526,7.131,16.651,33.346,5.946,35.399,9.558,29.374,16.801,7.348,31.712,5.206,13.301,29.149,18.446,4.518,28.089,6.496,2.482,25.102,16.838,12.829,29.039,13.711,5.278,49.44,32.545,5.728,7.008,0.0,8.429,24.571,22.876,6.161,10.41,27.553,7.516,41.658,20.545,11.435,12.558,6.287,56.5,31.577,2.391,0.0,9.532,0.0,40.408,41.33,7.72,0.0,10.542,0.0,17.747,45.193,21.69,7.047,8.323,0.0,26.731,37.658,15.255,2.736,16.429,1.19,34.186,27.179,2.456,4.559,23.629,7.99,37.648,27.985,7.62,4.123,16.295,6.329,13.861,42.911,4.926,7.521,22.818,7.964
53,54.0,1937290,Hospers,ALL,11.411,42.003,26.087,3.954,5.58,10.965,28.144,43.095,14.967,4.539,3.972,5.283,51.618,34.056,0.0,0.0,14.326,0.0,5.906,48.535,31.918,3.588,4.571,5.482,0.879,7.714,19.871,32.441,2.209,36.885,9.067,27.85,11.509,7.275,26.155,18.144,4.222,23.927,13.421,5.002,31.93,21.497,9.379,27.243,17.31,11.102,20.934,14.032,9.592,38.132,41.684,10.592,0.0,0.0,7.384,36.323,18.37,16.374,5.023,16.527,15.418,51.817,28.864,0.0,2.192,1.709,60.954,32.139,6.907,0.0,0.0,0.0,65.01,23.654,6.009,0.0,5.327,0.0,24.905,54.158,20.937,0.0,0.0,0.0,39.805,46.775,10.875,1.096,1.449,0.0,35.003,36.811,6.253,0.0,17.999,3.933,38.36,48.505,12.42,0.716,0.0,0.0,22.993,60.671,10.181,0.0,6.154,0.0
54,55.0,1937560,Humboldt,ALL,11.776,53.421,21.699,6.125,6.979,0.0,14.002,48.258,17.695,15.029,4.016,0.999,45.505,34.709,15.115,0.0,4.671,0.0,12.709,36.818,32.785,5.088,10.078,2.522,2.923,23.045,54.261,19.771,0.0,0.0,6.903,18.857,22.598,9.53,27.686,14.425,5.606,12.694,12.403,1.053,51.974,16.271,14.557,31.876,23.431,6.45,15.691,7.994,6.873,58.238,26.327,2.235,2.616,3.71,19.888,40.814,28.72,6.161,3.182,1.235,31.456,51.735,8.628,4.723,3.459,0.0,46.81,42.988,1.008,1.008,6.97,1.217,41.422,32.886,6.324,1.026,17.102,1.239,6.906,49.689,36.041,6.344,1.021,0.0,38.49,55.56,4.937,1.012,0.0,0.0,38.798,42.232,2.61,2.23,10.892,3.239,38.205,51.534,3.592,1.039,2.295,3.334,26.854,58.688,3.868,5.034,4.254,1.304
55,56.0,1939450,Jefferson,ALL,12.87,26.933,34.017,10.028,13.841,2.311,21.456,35.904,32.558,6.661,2.263,1.158,29.261,35.406,11.42,0.0,20.201,3.713,5.606,48.701,31.53,3.833,9.191,1.139,3.227,24.722,58.111,13.94,0.0,0.0,7.748,24.54,16.94,0.0,43.531,7.242,7.278,33.645,14.79,0.0,39.656,4.631,7.936,34.287,11.868,0.0,42.545,3.364,9.602,72.307,13.158,3.803,1.13,0.0,16.343,50.622,21.691,1.546,7.082,2.716,28.357,47.457,6.943,2.9,14.344,0.0,31.563,58.358,6.007,0.0,4.072,0.0,28.805,44.314,8.441,0.0,18.44,0.0,12.252,58.765,25.205,1.423,2.356,0.0,20.052,49.628,19.829,1.206,9.287,0.0,41.256,52.288,2.88,0.0,3.575,0.0,23.228,47.147,18.906,5.703,5.015,0.0,22.666,50.356,19.453,0.0,6.35,1.175
56,57.0,1940260,Kanawha,ALL,5.054,20.928,33.299,25.404,10.089,5.226,8.667,39.512,18.164,17.635,2.792,13.23,32.015,42.072,4.459,1.382,17.664,2.408,3.478,46.491,32.329,1.267,11.69,4.745,1.889,5.226,26.117,31.496,1.238,34.033,2.992,11.361,13.608,11.747,42.349,17.942,3.559,22.071,25.865,7.892,28.523,12.091,10.244,20.697,19.847,12.926,22.703,13.583,7.961,31.713,42.285,12.778,2.631,2.631,2.904,16.749,13.127,8.165,4.574,54.481,7.504,24.472,30.481,12.856,7.601,17.086,72.496,26.114,0.0,0.0,1.39,0.0,61.196,34.156,1.738,0.0,2.911,0.0,13.618,47.388,25.702,12.153,1.139,0.0,26.872,61.399,7.081,4.648,0.0,0.0,46.126,40.674,5.396,0.0,6.665,1.139,28.397,47.878,11.286,3.128,9.311,0.0,25.035,44.29,17.947,7.26,4.316,1.152
57,58.0,1942600,Lake Park,ALL,8.236,14.981,49.438,3.491,12.59,11.264,8.387,6.289,22.298,25.464,11.927,25.634,66.7,19.774,4.715,0.0,8.811,0.0,9.378,28.611,25.754,18.979,16.136,1.143,0.0,22.7,34.295,33.674,0.0,9.331,12.691,16.473,22.273,3.134,38.268,7.161,1.435,27.483,19.347,0.0,39.188,12.547,2.537,37.602,18.114,1.941,32.558,7.249,8.862,39.714,38.418,3.53,6.51,2.965,15.655,39.257,28.979,7.628,7.025,1.456,23.142,49.05,18.579,4.199,5.03,0.0,50.445,41.056,3.784,0.0,4.715,0.0,28.486,39.807,9.33,2.853,19.524,0.0,12.098,63.2,21.338,1.474,1.89,0.0,33.478,40.554,18.948,0.0,7.02,0.0,41.71,33.235,7.777,3.491,11.695,2.092,27.542,60.794,3.979,1.365,5.377,0.943,21.125,47.535,18.534,4.74,7.519,0.546
58,59.0,1942960,Lamoni,ALL,0.762,12.604,51.628,21.9,8.812,4.294,8.379,28.088,50.29,13.243,0.0,0.0,21.865,41.915,10.623,4.794,20.193,0.61,1.993,39.123,47.621,7.009,4.253,0.0,0.767,11.118,27.615,59.906,0.595,0.0,9.548,13.694,11.845,17.853,37.564,9.496,1.768,19.847,17.949,4.687,53.004,2.744,23.92,34.789,22.497,1.416,16.215,1.163,7.025,32.064,54.057,6.26,0.593,0.0,12.015,34.244,25.251,16.929,3.287,8.274,26.228,46.398,26.409,0.0,0.965,0.0,34.587,30.071,8.307,0.0,27.035,0.0,37.589,40.78,10.282,3.942,7.407,0.0,10.942,29.843,26.77,32.445,0.0,0.0,17.024,63.671,16.4,1.934,0.972,0.0,25.739,51.954,8.403,11.785,0.972,1.147,26.552,48.212,21.414,0.0,3.822,0.0,12.334,65.934,10.684,6.005,4.432,0.61
59,60.0,1944085,Le Claire,ALL,1.31,11.685,34.236,13.367,38.092,1.31,12.521,45.392,18.728,1.944,20.76,0.655,85.995,1.391,0.0,0.0,6.958,5.655,16.833,49.87,7.603,5.379,14.937,5.379,19.802,46.297,24.411,6.082,3.407,0.0,8.683,19.77,12.454,4.151,46.051,8.891,2.787,8.106,8.604,9.438,56.106,14.958,2.99,12.492,28.146,17.944,37.067,1.361,8.097,68.776,10.751,0.0,12.376,0.0,6.909,40.089,23.92,12.061,7.274,9.748,43.159,23.159,24.604,1.213,7.109,0.755,46.997,35.172,3.447,0.0,14.385,0.0,43.559,32.205,2.903,0.661,20.672,0.0,6.468,23.624,48.688,19.059,0.626,1.534,10.273,31.492,30.905,13.025,11.54,2.766,42.263,45.674,7.654,0.0,2.204,2.204,28.596,40.924,5.385,0.0,13.598,11.497,18.805,46.964,12.143,0.678,20.58,0.83
60,61.0,1944400,Le Mars,ALL,8.245,47.989,32.769,5.133,5.863,0.0,27.337,39.313,28.471,3.462,1.417,0.0,28.304,44.483,14.439,0.0,11.089,1.685,7.38,46.405,38.055,1.462,5.237,1.462,4.564,35.032,50.645,9.758,0.0,0.0,8.636,35.568,22.963,2.904,18.059,11.87,2.739,23.381,32.864,0.0,23.791,17.226,6.218,46.536,25.875,5.058,12.042,4.271,4.036,64.094,27.38,0.0,4.491,0.0,13.898,54.465,25.044,1.428,4.681,0.483,41.257,41.61,5.762,5.866,5.505,0.0,41.85,48.079,1.449,0.0,8.623,0.0,39.792,39.957,6.649,0.0,13.602,0.0,13.964,52.735,23.121,10.179,0.0,0.0,29.311,58.298,12.391,0.0,0.0,0.0,25.828,47.347,14.972,3.66,5.452,2.742,12.853,54.207,22.527,5.101,3.232,2.079,17.98,50.44,25.081,0.0,6.499,0.0
61,62.0,1948450,Madrid,ALL,1.377,12.988,28.982,25.668,29.392,1.594,6.556,28.504,28.055,13.672,23.213,0.0,43.644,33.642,7.327,0.85,14.537,0.0,13.013,43.528,23.511,3.075,16.872,0.0,0.0,17.447,40.08,32.576,5.777,4.12,15.012,29.296,9.947,0.0,40.504,5.241,10.972,24.867,18.108,1.764,39.381,4.908,3.95,33.245,23.199,6.853,28.836,3.916,1.026,32.635,49.871,5.144,11.324,0.0,14.564,27.166,30.689,16.566,8.857,2.158,32.555,36.238,13.23,5.052,12.098,0.827,25.316,37.234,12.638,1.699,23.113,0.0,20.312,30.897,21.119,3.353,24.319,0.0,7.03,32.733,45.968,10.939,3.33,0.0,21.034,55.589,11.109,1.699,10.569,0.0,41.33,38.055,3.398,0.0,12.335,4.882,21.709,51.857,11.988,4.122,8.934,1.389,11.194,39.729,28.838,3.374,16.865,0.0
62,63.0,1949170,Mapleton,ALL,6.251,15.301,26.336,38.573,8.491,5.047,42.787,44.602,11.364,0.0,1.248,0.0,31.604,50.256,6.468,1.163,8.05,2.458,9.464,21.245,39.448,6.746,22.299,0.798,14.513,22.927,53.226,8.09,1.245,0.0,2.114,19.283,19.963,11.99,35.92,10.73,3.68,30.446,23.817,1.135,39.74,1.182,3.557,18.703,27.902,14.238,29.841,5.76,12.612,43.202,33.901,2.719,7.566,0.0,14.313,31.197,25.899,12.348,8.104,8.139,10.581,51.161,24.451,9.162,4.645,0.0,42.499,50.53,4.274,1.908,0.789,0.0,38.928,51.2,4.814,2.157,1.864,1.038,9.63,45.212,32.767,12.39,0.0,0.0,31.521,51.424,13.239,2.205,1.612,0.0,37.345,39.38,0.806,2.208,15.01,5.252,26.55,44.451,13.672,3.048,8.171,4.108,15.45,50.314,20.803,4.184,8.419,0.83
63,64.0,1950790,Mediapolis,ALL,2.645,38.746,23.517,11.919,19.268,3.905,8.245,27.513,41.596,4.245,12.282,6.12,69.429,17.805,2.116,0.0,7.367,3.283,9.306,51.283,20.188,7.327,10.996,0.899,11.12,35.6,31.041,16.392,2.892,2.955,24.291,29.761,14.938,3.227,21.662,6.121,4.96,14.533,25.152,2.887,46.163,6.305,15.923,43.303,9.585,3.017,23.418,4.754,19.136,42.63,31.673,3.14,3.422,0.0,11.045,28.628,29.458,11.237,9.755,9.877,18.0,32.483,33.695,9.383,2.981,3.459,70.917,23.073,4.06,0.0,1.95,0.0,54.742,39.282,2.133,0.0,3.037,0.806,19.762,50.74,23.762,5.736,0.0,0.0,37.446,44.943,15.867,1.745,0.0,0.0,59.061,26.479,2.717,0.0,9.325,2.418,34.523,41.304,9.533,6.406,4.574,3.66,23.022,58.325,8.003,1.823,7.095,1.731
64,65.0,1952860,Missouri Valley,ALL,0.0,22.033,20.102,41.321,15.415,1.128,19.192,49.917,27.157,0.0,3.735,0.0,18.058,24.373,28.829,9.697,17.0,2.043,5.15,34.506,45.876,8.712,3.735,2.021,4.042,9.901,29.45,54.633,1.975,0.0,2.119,15.17,23.756,7.301,49.809,1.846,7.959,27.436,11.164,12.229,39.245,1.966,6.308,24.541,31.758,12.416,23.131,1.846,2.08,33.465,54.434,5.034,4.987,0.0,12.796,30.669,23.704,23.958,6.133,2.74,12.709,53.416,20.759,5.082,5.982,2.052,27.298,41.896,11.841,1.76,15.23,1.975,33.47,32.197,4.943,3.593,23.782,2.015,6.864,29.403,31.523,26.454,5.756,0.0,34.143,40.645,12.458,4.977,7.776,0.0,30.588,29.537,4.843,1.76,21.477,11.795,7.776,54.364,7.516,9.606,13.123,7.615,13.014,57.145,20.251,0.0,9.589,0.0
65,66.0,1953355,Monroe,ALL,0.0,14.735,32.444,41.388,10.3,1.134,3.022,28.697,31.265,19.411,15.545,2.06,27.799,44.77,7.896,2.611,16.924,0.0,2.543,45.967,27.945,7.017,15.769,0.76,1.309,6.381,43.716,45.69,1.374,1.53,7.583,30.13,25.503,5.657,20.177,10.949,1.794,8.738,29.498,5.646,42.236,12.088,3.475,28.21,46.461,9.775,11.322,0.756,0.812,18.515,61.559,9.94,9.174,0.0,3.254,20.805,43.686,20.286,7.573,4.396,9.579,59.265,17.966,2.537,10.652,0.0,37.168,56.231,2.646,0.0,3.956,0.0,37.526,44.191,2.615,1.34,14.328,0.0,1.094,30.33,58.505,9.682,0.389,0.0,13.123,50.667,32.832,1.657,1.721,0.0,23.758,57.398,4.778,0.0,10.014,4.051,10.87,68.245,8.372,3.002,8.209,1.302,4.814,58.658,27.145,4.129,3.833,1.421
66,67.0,1953490,Montezuma,ALL,10.425,33.947,41.024,4.548,8.99,1.067,28.567,48.14,9.076,7.591,5.983,0.643,43.85,34.926,2.018,2.018,15.653,1.534,2.057,28.238,32.325,22.215,8.789,6.377,0.0,23.364,42.094,32.369,0.0,2.174,0.0,24.004,24.728,7.641,35.87,7.757,0.0,18.555,28.773,3.351,43.398,5.924,11.146,39.559,13.528,7.73,23.488,4.549,0.0,42.668,52.51,2.858,1.965,0.0,12.409,28.919,40.584,11.606,3.891,2.59,32.261,51.79,12.152,3.174,0.0,0.624,56.587,38.363,0.996,0.0,4.053,0.0,66.999,21.951,5.498,0.0,5.552,0.0,1.554,26.642,54.31,15.779,0.0,1.715,18.715,70.32,6.544,0.624,3.797,0.0,52.67,33.997,2.55,1.715,6.73,2.339,25.581,52.972,14.22,1.715,5.512,0.0,7.926,76.715,5.979,1.285,7.452,0.643
67,68.0,1954390,Moulton,ALL,0.0,3.837,34.179,44.143,10.415,7.425,4.384,7.97,5.193,10.213,11.82,60.42,31.724,45.382,11.926,1.441,9.526,0.0,0.66,8.704,52.318,19.502,12.292,6.524,0.0,0.0,15.504,47.048,9.366,28.082,2.836,7.388,22.798,13.859,21.847,31.272,13.808,22.051,15.289,4.292,37.822,6.738,4.584,10.414,15.832,21.946,37.496,9.727,6.306,15.265,49.286,16.812,7.726,4.606,3.358,9.57,19.982,9.847,11.627,45.615,1.274,22.428,26.956,15.255,7.746,26.34,30.216,57.68,5.72,0.641,5.743,0.0,28.141,56.247,8.318,0.0,5.743,1.551,1.571,4.873,26.027,56.9,8.526,2.102,13.984,32.589,43.416,2.096,7.914,0.0,36.002,23.222,12.98,0.651,11.482,15.663,30.766,50.905,10.444,0.0,7.885,0.0,4.187,51.36,18.525,3.775,18.502,3.652
68,69.0,1954480,Mount Ayr,ALL,2.131,20.511,38.247,29.024,8.085,2.001,25.885,50.849,20.104,3.163,0.0,0.0,37.486,47.065,4.718,1.659,6.562,2.51,6.702,30.027,36.156,9.873,15.645,1.597,3.737,25.358,51.385,19.521,0.0,0.0,9.68,36.947,20.351,5.606,24.08,3.336,21.656,30.722,22.672,1.597,20.086,3.266,14.935,31.113,34.218,1.001,16.131,2.601,13.417,50.646,27.841,4.797,3.3,0.0,11.829,38.186,32.504,6.941,8.184,2.356,24.509,50.655,17.827,5.33,1.678,0.0,43.889,40.452,10.392,0.0,4.218,1.049,47.95,43.575,3.694,1.57,3.211,0.0,0.0,9.708,39.702,50.59,0.0,0.0,16.585,64.541,12.906,0.0,5.969,0.0,39.232,51.634,4.874,1.049,3.21,0.0,22.607,58.244,14.432,4.718,0.0,0.0,15.922,45.247,22.553,2.503,12.742,1.034
69,70.0,1955065,Murray,ALL,0.578,12.667,12.113,65.559,2.769,6.314,0.542,5.245,2.359,21.882,7.698,62.274,67.158,27.285,3.108,0.0,2.448,0.0,6.631,6.087,54.191,23.029,3.216,6.844,0.0,2.359,16.737,20.145,0.0,60.759,7.113,14.866,18.782,17.347,31.012,10.881,0.0,0.568,5.517,21.507,32.956,39.453,5.249,21.743,17.565,20.094,22.106,13.243,1.827,8.429,38.257,41.448,6.267,3.772,3.075,10.426,21.579,27.186,3.151,34.583,9.226,45.051,25.237,8.343,8.589,3.553,32.022,39.618,22.863,0.0,5.497,0.0,34.469,35.096,12.054,5.618,12.763,0.0,0.0,0.535,6.801,89.28,0.0,3.384,6.024,40.371,45.678,4.27,3.115,0.542,29.644,39.101,9.467,1.804,17.55,2.435,8.974,61.404,21.859,2.467,4.752,0.545,7.198,37.781,34.233,5.984,13.467,1.337
70,71.0,1955335,Nashua,ALL,4.204,11.028,29.442,26.307,18.723,10.295,31.063,44.541,14.183,1.428,1.428,7.356,36.827,41.689,1.831,3.515,16.138,0.0,7.028,28.735,28.005,11.706,15.673,8.853,4.337,16.755,25.498,41.256,1.534,10.62,17.315,30.125,14.876,8.47,20.638,8.575,1.515,4.94,23.216,21.834,27.061,21.434,20.137,23.64,30.429,6.002,4.822,14.97,4.635,20.748,47.044,24.491,1.579,1.503,10.467,31.792,24.423,12.389,6.079,14.851,30.216,35.043,18.599,8.879,7.263,0.0,63.786,26.12,2.706,0.0,7.388,0.0,29.975,28.392,18.218,9.55,13.865,0.0,3.398,21.906,50.775,23.256,0.0,0.665,41.063,41.953,13.638,2.691,0.0,0.655,33.473,33.609,7.84,3.356,13.371,8.351,25.136,32.821,21.101,7.98,4.603,8.36,14.261,48.502,21.323,3.398,10.67,1.847
71,,1955560,Neola,ALL,,,,,,,,,,,,,,,,,,,,,,,,,,,,,,,,,,,,,,,,,,,,,,,,,,,,,,,,,,,,,,,,,,,,,,,,,,,,,,,,,,,,,,,,,,,,,,,,,,,,,,,,,,,,
72,72.0,1956910,Nora Springs,ALL,5.151,8.768,16.592,41.246,14.088,14.156,9.124,26.269,18.742,14.38,26.007,5.478,36.441,27.398,13.03,2.867,18.852,1.411,5.798,43.225,21.483,8.263,18.322,2.91,0.0,7.013,6.845,43.819,5.786,36.537,5.185,23.702,21.707,4.013,35.597,9.797,2.272,11.109,21.153,7.05,46.478,11.938,8.062,21.787,19.329,9.768,28.864,12.191,1.588,26.658,31.695,20.403,18.769,0.887,7.213,30.478,22.726,16.427,7.368,15.788,33.866,33.106,17.575,3.648,9.557,2.248,39.125,46.877,1.674,3.648,7.264,1.411,33.795,34.042,8.324,5.134,17.273,1.432,4.555,28.11,37.163,23.514,2.955,3.704,19.021,51.041,19.75,2.867,3.617,3.704,28.595,24.749,11.554,3.672,20.809,10.622,12.905,41.619,14.188,4.373,18.725,8.189,8.764,43.303,17.598,6.617,21.419,2.299
73,73.0,1957630,Northwood,ALL,3.161,16.679,35.594,24.1,20.465,0.0,7.54,44.022,23.103,10.164,15.17,0.0,31.945,40.45,8.413,4.718,13.317,1.157,12.167,47.197,21.223,3.51,15.903,0.0,6.896,22.032,41.992,12.778,6.854,9.448,8.695,23.134,13.549,0.475,54.147,0.0,4.014,24.706,19.287,0.0,51.525,0.467,8.099,39.904,12.719,4.867,33.954,0.458,12.219,43.555,37.409,2.389,4.428,0.0,12.591,40.488,26.593,7.561,11.968,0.799,34.999,45.459,12.247,2.077,5.219,0.0,57.033,34.486,0.0,0.0,8.48,0.0,56.874,31.308,0.457,0.0,11.362,0.0,12.087,30.798,47.494,6.359,3.261,0.0,21.445,64.389,12.071,0.0,2.094,0.0,35.992,28.203,10.702,3.838,15.972,5.293,23.444,53.616,14.154,0.471,8.315,0.0,11.295,66.723,7.434,2.032,11.322,1.194
74,74.0,1958080,Oakland,ALL,8.845,15.776,46.676,16.202,8.459,4.042,29.839,35.731,21.607,0.876,5.881,6.066,25.761,46.824,8.671,7.275,10.411,1.057,8.382,42.047,25.606,6.694,12.404,4.867,0.0,14.585,53.809,24.761,0.0,6.845,10.76,21.269,12.432,0.858,41.114,13.567,14.525,23.315,18.533,0.0,33.934,9.693,12.201,17.685,17.202,14.342,22.826,15.745,7.064,24.284,58.284,6.3,1.147,2.922,10.119,26.947,45.161,10.84,2.199,4.734,13.961,37.422,20.529,10.045,4.103,13.939,49.054,27.678,15.837,3.681,2.934,0.816,33.14,29.057,19.294,8.209,5.734,4.567,3.757,25.505,38.422,28.82,1.048,2.447,38.127,41.755,18.193,0.0,1.077,0.847,44.097,32.577,4.365,0.84,9.722,8.4,26.957,36.806,11.59,5.744,11.65,7.252,21.286,36.048,21.251,6.46,14.13,0.825
75,75.0,1958980,Olin,ALL,0.0,6.633,23.96,46.486,12.195,10.726,5.485,12.56,4.784,13.684,4.438,59.049,14.036,36.69,19.024,8.144,19.193,2.914,9.73,17.53,42.169,16.115,11.101,3.355,1.278,8.45,27.794,33.12,2.585,26.773,39.8,30.736,10.137,3.067,9.299,6.961,5.815,18.891,17.932,13.57,21.366,22.426,4.495,12.347,28.424,22.324,18.055,14.355,6.406,12.518,57.806,13.292,5.935,4.043,12.402,20.86,21.696,13.687,4.968,26.387,8.013,20.205,35.275,18.371,11.962,6.174,54.028,33.421,3.475,0.0,9.075,0.0,49.842,29.762,10.868,0.0,9.529,0.0,6.552,31.758,37.555,13.696,8.859,1.58,39.152,42.59,8.507,1.297,8.454,0.0,40.556,33.015,7.195,3.119,13.366,2.749,18.132,27.947,29.754,6.709,16.369,1.089,17.379,40.328,15.756,4.849,14.794,6.895
76,76.0,1960825,Pacific Junction,ALL,1.451,1.451,5.154,37.886,30.465,23.593,2.76,4.119,6.288,5.729,10.635,70.468,1.365,5.413,2.674,0.0,13.689,76.859,2.936,10.684,38.356,8.382,29.313,10.328,0.0,4.164,1.079,6.61,7.502,80.646,0.0,0.0,6.801,3.363,45.044,44.792,0.0,2.903,1.452,3.41,36.793,55.442,0.0,2.823,2.166,6.138,26.633,62.24,0.0,8.631,40.784,16.008,17.486,17.091,1.854,3.43,3.163,6.383,12.592,72.577,3.783,23.541,35.4,1.065,17.119,19.093,15.38,47.576,10.183,0.0,22.798,4.063,18.562,44.428,7.356,0.0,24.483,5.17,5.17,24.652,39.644,11.503,12.472,6.558,8.17,51.002,15.113,0.0,20.398,5.317,17.231,40.056,2.452,0.0,25.548,14.714,7.919,20.158,26.838,2.444,31.746,10.895,1.123,27.409,30.717,5.197,24.305,11.249
77,77.0,1963750,Pleasantville,ALL,4.065,13.513,31.638,27.448,17.109,6.227,15.369,51.195,10.058,5.022,18.357,0.0,34.391,38.871,8.595,5.418,12.726,0.0,8.252,41.746,29.034,0.0,19.743,1.225,5.4,3.743,28.849,39.506,11.065,11.437,20.308,22.749,12.607,8.319,32.848,3.17,16.701,21.45,16.09,0.0,44.63,1.13,14.727,36.523,21.03,3.471,21.7,2.549,9.431,46.426,26.207,6.966,10.969,0.0,17.102,26.672,25.472,12.411,7.806,10.537,14.865,45.409,18.599,4.292,15.867,0.969,27.247,49.928,4.566,2.149,16.109,0.0,26.671,41.003,14.909,0.0,17.418,0.0,2.192,44.368,39.318,12.108,1.007,1.007,21.428,59.435,13.443,3.221,2.473,0.0,36.587,38.189,6.508,0.0,17.73,0.985,18.705,45.288,12.664,3.555,15.061,4.727,7.492,60.083,10.586,4.787,17.052,0.0
78,78.0,1963975,Pocahontas,ALL,0.967,34.882,33.564,8.588,18.804,3.195,37.223,40.849,14.205,5.2,2.523,0.0,36.251,30.139,11.044,10.444,12.122,0.0,4.15,57.196,16.924,2.353,16.572,2.805,4.924,34.203,48.801,10.215,0.0,1.858,11.765,32.415,8.108,1.406,38.063,8.242,9.718,21.011,15.373,2.322,44.786,6.791,9.776,21.458,20.352,10.685,33.938,3.791,5.051,51.018,39.091,0.929,3.911,0.0,14.133,38.958,32.011,5.781,7.679,1.439,52.087,38.847,1.309,3.954,3.802,0.0,67.191,24.88,1.313,0.0,6.617,0.0,60.784,27.285,4.021,0.0,7.911,0.0,26.329,52.755,19.604,1.313,0.0,0.0,42.311,47.963,3.537,0.0,6.189,0.0,47.657,23.608,6.189,0.0,10.898,11.648,34.42,38.198,10.079,13.302,4.001,0.0,33.359,54.69,5.758,0.0,6.194,0.0
79,79.0,1964065,Pomeroy,ALL,0.0,6.651,51.314,29.371,6.549,6.116,0.0,0.946,5.086,17.575,3.283,73.11,35.542,31.506,20.082,0.801,6.657,5.411,8.433,39.484,24.461,18.267,6.066,3.289,1.247,6.071,24.17,32.63,4.072,31.81,4.635,23.695,32.735,13.082,20.011,5.843,1.257,20.821,23.713,12.288,31.794,10.127,3.892,10.929,32.501,13.029,18.599,21.05,2.747,11.437,63.371,16.95,2.747,2.747,4.596,13.669,19.779,13.216,3.49,45.249,12.718,44.126,22.44,17.261,2.542,0.914,16.181,36.956,32.64,5.167,7.229,1.827,9.26,35.57,34.221,7.667,10.473,2.808,10.48,44.128,38.892,5.575,0.0,0.925,57.099,34.564,4.907,0.0,2.506,0.925,25.998,51.071,3.923,0.933,10.585,7.49,13.168,29.205,34.478,10.966,11.259,0.925,4.262,46.027,30.037,4.763,11.399,3.511
80,80.0,1965235,Quasqueton,ALL,0.0,19.231,24.374,43.093,3.706,9.596,2.195,14.972,7.024,14.111,6.054,55.644,28.657,22.507,1.551,1.469,1.551,44.266,1.692,44.418,32.352,6.241,12.092,3.205,0.0,3.963,4.459,7.457,0.0,84.121,0.0,35.224,16.28,8.339,14.795,25.362,1.218,13.066,18.895,9.811,24.664,32.346,7.464,17.349,19.255,19.628,10.037,26.267,12.242,21.673,43.314,7.368,8.482,6.92,11.895,27.04,15.975,9.31,0.732,35.048,3.859,44.888,33.86,5.018,2.013,10.362,34.754,48.076,12.638,2.608,1.924,0.0,45.812,45.526,5.608,3.055,0.0,0.0,3.122,52.547,41.191,3.14,0.0,0.0,14.85,56.705,27.488,0.957,0.0,0.0,50.453,45.377,3.204,0.967,0.0,0.0,39.352,41.412,14.689,1.455,1.952,1.14,13.225,45.117,25.448,4.937,7.915,3.358
81,81.0,1965370,Radcliffe,ALL,0.0,13.155,35.869,25.018,22.091,3.867,0.974,5.204,7.521,19.698,10.282,56.32,16.443,42.474,15.071,6.984,15.269,3.759,5.163,39.351,28.382,3.786,21.88,1.439,0.962,8.852,12.131,32.641,5.478,39.937,4.78,25.37,19.833,3.767,38.625,7.626,3.397,3.334,17.484,8.745,44.369,22.671,3.014,10.607,22.647,15.919,37.419,10.393,6.898,32.711,34.46,13.242,12.689,0.0,5.213,32.867,19.955,8.932,6.152,26.88,8.635,42.895,19.839,7.302,11.867,9.463,48.036,34.983,3.633,0.0,13.348,0.0,43.759,38.684,8.538,0.0,9.019,0.0,20.886,43.949,24.3,3.276,7.589,0.0,41.578,49.486,3.14,0.95,4.846,0.0,31.881,28.784,11.277,0.0,20.701,7.356,32.401,31.091,7.054,3.714,19.71,6.03,18.331,42.62,16.285,1.481,19.867,1.416
82,82.0,1969510,Sabula,ALL,0.0,0.0,24.075,37.578,15.575,22.772,5.862,1.038,5.634,6.561,10.116,70.789,15.106,23.53,11.134,10.63,16.691,22.908,2.061,11.171,32.124,5.002,36.741,12.901,0.0,0.0,6.843,10.788,2.72,79.649,0.986,7.675,9.521,11.861,41.437,28.521,4.401,12.522,6.14,14.727,46.555,15.655,4.425,6.502,7.096,23.289,29.515,29.173,1.988,17.489,46.078,17.985,12.882,3.579,13.178,23.92,16.285,8.674,5.517,32.426,19.032,26.816,27.052,13.72,11.686,1.694,28.928,36.724,8.85,0.0,20.436,5.063,35.718,33.165,10.638,0.0,17.358,3.12,6.564,29.241,41.339,8.981,12.828,1.046,26.771,54.567,12.09,1.015,5.557,0.0,19.167,17.467,6.287,0.902,33.01,23.168,11.768,24.436,15.968,5.789,25.035,17.004,7.905,27.915,28.601,1.057,31.739,2.783
83,83.0,1969645,Sac City,ALL,1.626,21.957,35.237,26.069,12.33,2.78,55.424,33.487,2.808,7.059,1.222,0.0,21.567,42.235,21.269,0.0,11.023,3.905,8.668,25.397,43.069,7.528,13.796,1.541,8.368,21.841,44.758,23.954,0.0,1.08,13.961,13.876,25.736,13.696,27.654,5.077,9.342,32.549,11.989,7.817,36.689,1.613,5.914,25.59,26.286,10.451,27.894,3.865,7.787,38.928,38.674,13.326,1.284,0.0,18.29,43.089,24.874,6.568,6.139,1.041,41.275,35.618,17.831,1.486,3.788,0.0,55.267,36.349,1.48,0.0,6.904,0.0,51.357,28.462,9.724,0.0,10.456,0.0,0.0,32.89,35.717,31.394,0.0,0.0,20.922,62.028,10.001,2.906,4.144,0.0,38.49,34.643,15.851,0.0,7.051,3.965,57.924,28.784,8.042,1.486,3.764,0.0,14.727,54.636,19.266,5.867,5.504,0.0
84,84.0,1969735,Saint Ansgar,ALL,18.716,44.783,19.555,7.956,8.99,0.0,39.482,45.852,11.773,1.524,1.369,0.0,62.105,25.291,3.58,2.991,6.033,0.0,12.898,47.151,22.47,6.976,10.505,0.0,4.953,37.827,38.058,12.336,2.333,4.494,26.629,37.64,6.416,1.598,20.848,6.868,8.303,29.16,24.079,2.974,30.706,4.777,10.963,45.362,22.042,3.869,15.706,2.058,15.671,62.406,11.139,3.974,4.424,2.385,16.19,40.586,28.677,6.637,6.545,1.365,32.393,46.401,16.475,2.76,1.971,0.0,60.526,32.102,3.488,0.0,3.883,0.0,61.315,26.523,6.179,1.568,4.415,0.0,5.702,32.743,35.538,25.218,0.798,0.0,27.768,50.292,16.166,0.0,5.774,0.0,20.519,47.091,10.895,2.389,14.442,4.664,21.122,45.15,12.359,5.253,14.728,1.388,12.614,61.457,12.366,1.235,10.921,1.407
85,85.0,1969915,Saint Charles,ALL,0.0,9.72,22.177,29.743,20.564,17.796,2.011,12.265,6.528,32.53,15.388,31.278,21.951,39.63,16.705,0.0,16.793,4.921,3.437,41.517,22.269,5.07,24.4,3.307,3.311,11.374,12.977,35.946,6.046,30.345,3.527,14.379,17.048,16.941,37.475,10.629,2.458,1.435,8.282,10.24,52.344,25.24,5.961,12.668,11.245,14.09,38.409,17.627,2.515,20.398,35.897,21.511,16.267,3.412,3.312,5.686,8.39,26.239,9.406,46.966,16.046,22.522,16.003,16.931,17.319,11.179,27.529,35.873,27.733,4.469,3.426,0.971,24.841,24.615,19.567,2.333,26.188,2.455,9.586,25.992,47.277,16.175,0.971,0.0,11.709,34.696,42.558,0.971,10.066,0.0,13.544,36.401,23.166,1.363,22.432,3.094,29.004,46.208,15.827,1.068,6.53,1.363,14.067,31.321,27.966,2.725,23.92,0.0
86,86.0,1972210,Sheffield,ALL,13.069,52.654,19.592,4.811,6.742,3.132,23.486,42.051,20.245,9.43,4.788,0.0,45.043,38.451,3.568,0.837,10.527,1.574,9.844,35.22,24.711,8.203,14.621,7.401,1.242,23.301,50.332,15.133,2.288,7.704,11.25,39.815,13.586,2.725,30.001,2.622,5.071,19.671,10.98,10.291,48.414,5.572,4.817,23.412,19.739,12.773,35.122,4.138,9.808,51.712,23.519,10.087,4.875,0.0,11.838,34.856,19.196,10.419,9.313,14.378,32.584,41.839,18.898,2.849,3.829,0.0,48.804,33.084,14.641,0.712,2.759,0.0,55.107,29.184,1.317,0.706,13.685,0.0,6.699,34.942,40.682,15.618,2.058,0.0,19.243,52.287,25.223,0.0,3.247,0.0,36.992,37.658,3.024,2.538,13.433,6.355,16.97,40.327,23.483,5.679,12.825,0.717,12.959,59.282,7.273,6.642,12.981,0.864
87,87.0,1972975,Sibley,ALL,0.0,17.763,24.639,21.08,12.805,23.714,19.614,36.037,14.209,5.444,2.485,22.211,18.285,52.007,14.71,5.881,9.117,0.0,2.878,29.078,20.348,11.363,13.255,23.078,0.863,18.38,55.408,24.486,0.863,0.0,10.522,36.213,6.421,4.262,16.902,25.68,4.471,17.747,18.168,9.282,25.551,24.78,2.493,26.108,39.266,8.156,21.86,2.118,3.437,56.748,30.728,6.602,2.485,0.0,5.006,32.899,28.416,11.553,5.862,16.263,16.986,61.272,12.369,7.358,2.016,0.0,28.486,41.701,4.711,1.407,23.696,0.0,23.694,59.246,8.468,1.398,6.355,0.838,8.129,63.434,20.917,6.681,0.838,0.0,18.649,64.761,9.518,2.855,4.217,0.0,21.707,55.72,0.833,5.211,13.336,3.192,17.353,61.926,12.298,1.436,6.987,0.0,8.657,62.498,18.542,2.011,7.449,0.843
88,88.0,1978735,Traer,ALL,0.0,39.13,31.623,12.491,14.014,2.742,32.589,43.031,18.323,1.529,3.183,1.344,45.794,32.672,5.324,1.186,14.082,0.943,10.038,57.65,15.954,1.91,13.73,0.717,3.578,55.132,31.132,6.813,3.345,0.0,35.819,36.683,11.929,0.0,11.586,3.983,6.993,39.372,19.727,3.059,23.977,6.873,21.581,36.629,18.957,0.74,19.024,3.07,5.851,63.814,23.737,1.224,5.376,0.0,4.748,23.052,41.085,16.109,9.966,5.038,13.232,36.308,31.32,11.884,2.815,4.441,54.513,30.266,5.676,0.0,9.545,0.0,61.329,28.359,0.0,0.0,10.312,0.0,13.94,34.591,29.53,17.537,4.402,0.0,36.097,52.55,7.521,1.274,2.557,0.0,39.745,36.335,0.0,2.436,11.476,10.008,34.02,37.589,14.712,5.206,8.473,0.0,11.31,63.284,8.745,0.0,16.66,0.0
89,89.0,1979815,University Park,ALL,2.614,7.175,3.732,14.521,17.192,54.766,0.0,9.011,4.355,1.381,6.273,78.98,0.712,19.211,6.589,0.0,3.29,70.197,7.191,49.3,16.49,3.95,9.807,13.262,0.0,0.0,1.814,2.541,0.702,94.943,18.82,32.364,9.793,6.361,17.139,15.523,0.0,2.541,0.702,0.0,25.843,70.914,0.702,0.0,0.0,2.541,31.435,65.321,2.966,23.86,21.089,14.495,8.4,29.19,5.078,6.965,8.846,4.592,1.779,72.74,15.57,53.171,14.483,0.0,1.427,15.349,12.209,57.902,12.411,0.0,9.567,7.91,21.562,55.828,4.952,0.0,8.956,8.703,2.903,33.819,48.01,15.267,0.0,0.0,39.677,48.107,10.765,0.0,0.726,0.726,34.21,37.546,6.713,17.249,2.854,1.427,35.382,64.618,0.0,0.0,0.0,0.0,7.703,55.453,14.26,0.0,21.751,0.834
90,90.0,1980580,Ventura,ALL,1.414,14.711,20.319,25.952,26.037,11.568,2.777,1.516,7.746,9.853,12.052,66.056,52.833,19.893,8.333,0.0,14.678,4.263,10.975,57.652,11.417,1.371,13.368,5.217,0.0,0.0,7.654,13.087,4.507,74.752,33.28,18.886,1.973,0.0,34.817,11.045,14.694,27.977,15.006,1.437,23.18,17.706,3.214,24.595,18.919,3.214,35.808,14.25,19.476,30.871,29.861,7.452,8.444,3.896,27.165,20.276,13.922,6.453,2.103,30.082,34.007,44.601,13.448,1.35,6.594,0.0,64.07,29.36,4.598,1.972,0.0,0.0,50.567,34.47,2.855,0.0,9.351,2.757,39.525,47.298,10.212,1.433,1.533,0.0,44.285,43.493,9.17,1.527,1.527,0.0,47.393,29.531,6.284,0.0,13.45,3.342,38.495,40.573,4.184,2.001,8.105,6.642,32.224,43.904,8.679,3.142,10.701,1.35
91,91.0,1980985,Villisca,ALL,0.0,5.849,38.091,42.847,6.176,7.037,17.833,39.663,23.085,14.299,3.684,1.435,22.746,42.755,15.046,9.052,10.401,0.0,1.107,21.647,47.418,8.283,18.538,3.007,0.0,10.444,37.619,42.076,0.0,9.861,1.068,15.368,29.388,7.797,43.478,2.901,1.43,13.767,31.752,5.644,40.396,7.01,1.068,32.952,29.615,5.529,27.935,2.901,1.478,38.608,46.212,8.959,3.265,1.478,3.721,32.455,25.781,17.88,8.485,11.678,5.817,23.075,49.564,10.821,6.004,4.719,36.338,50.112,7.804,0.0,4.351,1.395,16.613,40.043,21.711,11.444,8.746,1.443,0.0,20.609,47.031,27.64,4.72,0.0,11.788,60.883,22.608,0.0,4.72,0.0,37.448,40.191,3.371,0.0,17.576,1.415,8.372,31.686,27.447,13.185,14.837,4.473,2.512,40.538,33.404,2.512,19.969,1.065
92,92.0,1982740,Waukon,ALL,0.0,16.955,42.847,32.325,7.873,0.0,42.245,41.878,11.339,1.604,2.934,0.0,24.133,40.636,13.311,3.399,14.679,3.841,3.982,39.247,31.932,11.47,13.369,0.0,3.566,25.349,44.692,26.393,0.0,0.0,10.603,29.055,12.07,3.803,40.938,3.531,3.943,34.046,11.424,7.443,39.679,3.464,3.982,30.294,19.859,14.969,29.906,0.991,4.458,35.074,51.968,5.948,2.552,0.0,16.698,45.119,23.506,7.93,6.747,0.0,32.457,41.783,14.638,5.774,5.348,0.0,59.123,31.515,4.051,3.38,0.975,0.957,58.344,23.647,3.675,0.0,14.334,0.0,0.939,11.018,33.712,53.375,0.956,0.0,38.298,44.761,12.417,0.0,4.523,0.0,38.782,25.171,7.142,3.058,22.987,2.861,26.06,51.079,10.29,1.949,7.851,2.771,13.726,45.666,21.761,7.556,11.292,0.0
93,93.0,1982875,Waverly,ALL,8.21,48.796,17.526,2.879,22.589,0.0,43.532,42.221,13.494,0.754,0.0,0.0,54.315,28.92,2.166,0.0,12.674,1.924,11.757,44.985,37.556,1.286,3.53,0.886,9.413,41.087,38.089,10.535,0.0,0.877,8.141,31.643,18.722,6.803,27.469,7.222,5.54,28.006,7.687,2.119,47.745,8.903,12.726,49.003,14.998,0.0,23.273,0.0,13.446,64.626,10.142,7.112,4.673,0.0,28.523,49.409,12.056,7.359,2.654,0.0,42.969,45.074,9.756,0.0,2.201,0.0,61.76,36.793,0.0,0.0,1.447,0.0,48.594,32.478,0.0,0.0,18.928,0.0,7.057,31.413,47.203,13.214,0.557,0.557,36.494,55.515,4.985,1.551,1.455,0.0,50.197,35.821,7.638,0.0,4.341,2.004,50.617,31.183,9.827,1.292,5.633,1.447,33.445,48.663,14.354,0.0,3.538,0.0
94,94.0,1983145,Webster City,ALL,0.525,14.197,38.237,40.104,5.946,0.991,20.658,57.862,9.774,11.706,0.0,0.0,22.356,36.37,28.643,0.882,11.22,0.53,9.038,44.768,30.038,9.649,5.51,0.997,2.02,14.473,50.288,33.22,0.0,0.0,4.623,36.81,14.732,2.761,29.032,12.042,11.556,23.094,19.545,2.831,31.52,11.454,7.431,24.248,34.297,5.496,19.698,8.83,1.508,36.799,48.965,9.136,1.855,1.737,20.259,43.776,22.472,6.667,6.826,0.0,16.055,45.157,25.996,11.392,1.4,0.0,32.882,47.621,13.249,0.0,6.248,0.0,26.556,54.33,14.125,0.0,4.989,0.0,3.165,23.423,56.993,16.419,0.0,0.0,11.604,44.151,29.412,12.976,1.857,0.0,27.847,42.691,17.367,4.599,7.495,0.0,22.182,47.674,24.228,1.867,4.048,0.0,8.806,41.016,24.625,13.119,5.936,6.498
95,95.0,1983325,Wellsburg,ALL,1.944,12.608,45.339,29.992,8.788,1.328,3.824,2.344,11.845,13.876,6.286,61.826,45.738,23.01,16.017,4.107,11.128,0.0,17.499,48.33,16.186,3.15,14.071,0.764,0.826,10.331,29.38,32.773,4.202,22.488,20.324,27.687,18.835,3.413,21.768,7.972,13.107,14.748,31.127,6.731,28.736,5.551,9.332,30.569,21.087,10.196,19.762,9.053,10.181,30.686,49.825,5.098,4.21,0.0,10.364,28.627,27.836,13.666,5.806,13.701,23.03,52.986,15.316,7.115,1.553,0.0,39.592,41.335,7.096,0.0,11.976,0.0,56.303,23.763,1.601,0.0,18.333,0.0,6.301,25.06,60.197,6.909,1.534,0.0,22.956,52.393,19.255,3.042,2.354,0.0,44.455,32.187,2.428,0.809,18.031,2.09,41.042,24.711,17.557,1.839,10.531,4.319,23.146,41.313,16.967,1.078,16.418,1.078
96,96.0,1984900,What Cheer,ALL,2.669,0.0,6.355,59.454,7.78,23.742,1.887,0.0,0.881,5.833,2.875,88.524,4.869,49.845,22.563,12.283,8.11,2.331,3.627,7.91,31.398,21.901,11.361,23.803,0.0,1.454,2.334,41.596,2.143,52.473,2.876,2.587,16.727,31.068,22.83,23.911,1.929,1.929,10.645,36.743,15.593,33.162,0.74,6.111,15.119,14.768,19.007,44.256,2.74,2.767,27.027,54.291,4.856,8.319,0.0,2.478,3.027,22.293,2.963,69.239,7.904,6.654,58.065,10.652,3.162,13.563,30.332,54.046,7.02,0.911,7.69,0.0,35.137,47.724,8.73,1.85,6.56,0.0,3.492,14.296,63.067,15.223,3.922,0.0,12.692,49.449,31.276,0.768,5.816,0.0,30.135,46.384,3.618,0.911,8.444,10.508,20.921,54.665,8.741,2.93,10.472,2.272,4.683,45.354,26.165,3.651,13.826,6.321
97,97.0,1985845,Williamsburg,ALL,22.339,36.849,17.552,7.154,16.106,0.0,40.883,44.429,5.925,2.263,6.501,0.0,71.22,20.028,2.306,0.0,5.56,0.886,44.147,36.438,9.28,0.0,8.939,1.195,45.509,48.563,4.078,0.924,0.924,0.0,34.459,33.963,3.527,0.0,25.567,2.484,15.94,32.799,6.703,5.699,34.606,4.253,24.941,46.727,12.95,0.0,12.958,2.423,35.822,53.536,5.621,0.95,3.121,0.95,47.4,36.607,9.226,1.554,5.212,0.0,49.431,37.292,7.808,3.385,2.084,0.0,74.671,17.762,0.0,0.0,7.567,0.0,53.719,31.261,0.61,0.0,14.409,0.0,13.927,37.497,25.497,21.055,0.886,1.138,41.223,47.586,8.24,0.0,1.797,1.155,44.557,35.007,7.479,0.0,8.942,4.014,18.759,24.05,35.736,11.454,8.855,1.145,34.514,45.726,7.099,1.909,8.561,2.191
98,98.0,1986385,Winfield,ALL,0.0,9.407,34.65,47.124,5.855,2.964,5.689,32.617,37.116,11.399,10.134,3.044,35.849,35.58,17.644,5.738,4.314,0.875,3.675,21.827,30.553,19.378,13.843,10.723,1.735,2.924,3.129,50.031,5.537,36.644,18.601,19.689,19.118,12.049,22.681,7.862,10.723,24.633,28.97,5.052,27.832,2.791,9.952,30.709,23.731,12.951,13.092,9.565,3.544,10.573,54.198,23.325,1.134,7.227,7.217,22.898,25.843,13.401,5.408,25.234,26.573,36.479,27.965,1.866,6.269,0.848,55.857,39.732,1.866,0.0,2.545,0.0,46.982,34.649,12.27,0.0,6.099,0.0,13.436,36.476,37.978,6.489,1.697,3.923,23.873,35.138,22.857,5.306,7.561,5.265,29.049,28.956,16.258,0.0,11.738,13.999,19.915,44.164,16.883,0.859,12.579,5.601,13.434,48.738,16.912,1.877,17.362,1.677
99,99.0,1986970,Woodward,ALL,5.874,10.481,24.34,24.185,32.078,3.043,1.699,0.625,0.0,22.494,15.297,59.885,28.556,43.25,15.701,1.656,10.206,0.631,4.675,25.04,45.473,4.007,11.183,9.623,0.621,6.932,30.953,35.654,8.68,17.16,8.784,21.896,20.83,8.52,35.808,4.162,3.194,20.385,18.492,2.595,52.802,2.532,2.596,19.808,19.779,8.942,39.734,9.141,7.227,34.413,34.951,14.945,5.508,2.955,13.91,34.985,19.403,8.699,5.558,17.445,13.501,44.681,21.027,7.312,12.736,0.743,29.795,51.206,6.755,1.602,10.642,0.0,35.305,35.463,9.406,1.671,18.155,0.0,6.877,46.303,40.947,3.572,2.302,0.0,16.816,45.379,24.956,1.728,9.454,1.667,32.746,43.305,1.698,1.698,17.542,3.01,18.568,42.875,14.158,3.996,12.22,8.183,9.576,44.04,8.036,7.027,26.199,5.122
