,index,CommID,FIPSPL,Name,CAT,QOLjobs_vg,QOLjobs_g,QOLjobs_f,QOLjobs_p,QOLjobs_dnk,QOLjobs_na,QOLmed_vg,QOLmed_g,QOLmed_f,QOLmed_p,QOLmed_dnk,QOLmed_na,QOLk12_vg,QOLk12_g,QOLk12_f,QOLk12_p,QOLk12_dnk,QOLk12_na,QOLhousing_vg,QOLhousing_g,QOLhousing_f,QOLhousing_p,QOLhousing_dnk,QOLhousing_na,QOLshop_vg,QOLshop_g,QOLshop_f,QOLshop_p,QOLshop_dnk,QOLshop_na,QOLchildcare_vg,QOLchildcare_g,QOLchildcare_f,QOLchildcare_p,QOLchildcare_dnk,QOLchildcare_na,QOLseniorcare_vg,QOLseniorcare_g,QOLseniorcare_f,QOLseniorcare_p,QOLseniorcare_dnk,QOLseniorcare_na,QOLyouth_vg,QOLyouth_g,QOLyouth_f,QOLyouth_p,QOLyouth_dnk,QOLyouth_na,QOLcommsrvall_vg,QOLcommsrvall_g,QOLcommsrvall_f,QOLcommsrvall_p,QOLcommsrvall_dnk,QOLcommsrvall_na,QOLrecrentr_vg,QOLrecrentr_g,QOLrecrentr_f,QOLrecrentr_p,QOLrecrentr_dnk,QOLrecrentr_na,QOLpolice_vg,QOLpolice_g,QOLpolice_f,QOLpolice_p,QOLpolice_dnk,QOLpolice_na,QOLfire_vg,QOLfire_g,QOLfire_f,QOLfire_p,QOLfire_dnk,QOLfire_na,QOLems_vg,QOLems_g,QOLems_f,QOLems_p,QOLems_dnk,QOLems_na,QOLstreets_vg,QOLstreets_g,QOLstreets_f,QOLstreets_p,QOLstreets_dnk,QOLstreets_na,QOLparks_vg,QOLparks_g,QOLparks_f,QOLparks_p,QOLparks_dnk,QOLparks_na,QOLgarbage_vg,QOLgarbage_g,QOLgarbage_f,QOLgarbage_p,QOLgarbage_dnk,QOLgarbage_na,QOLwater_vg,QOLwater_g,QOLwater_f,QOLwater_p,QOLwater_dnk,QOLwater_na,QOLgovtsrvall_vg,QOLgovtsrvall_g,QOLgovtsrvall_f,QOLgovtsrvall_p,QOLgovtsrvall_dnk,QOLgovtsrvall_na
0,1212,1.0,1900595,Afton,INC4,17.339,8.111,50.559,17.952,6.04,0.0,0.0,17.339,6.04,20.023,0.0,56.599,48.66,39.26,6.04,0.0,6.04,0.0,0.0,19.409,48.488,17.952,8.111,6.04,0.0,17.339,18.12,31.935,0.0,32.606,0.0,27.52,15.268,6.04,29.864,21.308,2.071,29.419,23.211,5.872,18.12,21.308,25.449,15.268,20.023,0.0,23.992,15.268,0.0,35.484,55.689,8.827,0.0,0.0,27.349,27.236,14.095,7.941,2.704,20.675,30.644,44.861,13.299,11.195,0.0,0.0,51.907,36.74,5.677,0.0,5.677,0.0,19.317,69.33,5.677,0.0,5.677,0.0,2.06,23.255,57.438,17.247,0.0,0.0,27.564,58.36,14.076,0.0,0.0,0.0,8.068,45.589,23.088,0.0,23.255,0.0,41.473,52.518,0.0,6.008,0.0,0.0,7.084,69.235,16.597,0.0,0.0,7.084
1,1213,2.0,1900640,Agency,INC4,0.0,0.0,40.519,17.203,9.631,32.647,0.0,0.0,8.953,0.0,8.953,82.094,51.745,32.263,0.0,8.953,7.039,0.0,14.357,49.831,26.859,0.0,8.953,0.0,0.0,0.0,0.0,17.906,0.0,82.094,0.0,7.039,44.706,0.0,15.992,32.263,7.039,0.0,23.31,0.0,46.341,23.31,7.039,14.357,28.714,0.0,31.984,17.906,10.454,29.127,24.983,10.454,8.219,16.764,0.0,16.085,22.127,2.984,0.0,58.804,8.953,32.263,7.039,0.0,15.992,35.753,68.016,31.984,0.0,0.0,0.0,0.0,28.714,55.294,15.992,0.0,0.0,0.0,37.667,53.38,8.953,0.0,0.0,0.0,52.024,40.937,0.0,0.0,7.039,0.0,46.62,46.341,0.0,0.0,0.0,7.039,37.667,46.341,8.953,0.0,0.0,7.039,25.075,40.219,9.631,0.0,15.444,9.631
2,1214,3.0,1900730,Ainsworth,INC4,0.0,0.0,34.889,47.12,11.853,6.138,0.0,4.357,0.0,32.127,3.14,60.377,3.14,12.418,44.818,36.483,3.14,0.0,0.0,0.0,45.525,38.265,16.21,0.0,0.0,0.0,0.0,39.623,0.0,60.377,0.0,35.907,4.436,0.0,59.658,0.0,0.0,0.0,3.14,36.483,52.315,8.062,31.749,0.0,10.637,42.622,11.853,3.14,3.14,36.105,10.637,43.98,0.0,6.138,11.63,21.361,10.165,35.672,0.0,21.172,0.0,44.818,50.825,4.357,0.0,0.0,6.28,61.593,32.127,0.0,0.0,0.0,42.385,19.35,38.265,0.0,0.0,0.0,1.782,39.245,18.133,40.84,0.0,0.0,10.495,77.652,7.497,4.357,0.0,0.0,4.922,0.0,6.28,32.127,53.531,3.14,6.138,16.21,3.14,35.267,36.105,3.14,0.0,41.027,13.07,32.127,13.776,0.0
3,1215,4.0,1900865,Albert City,INC4,6.205,45.872,19.865,19.865,5.809,2.382,3.755,0.0,0.0,15.387,0.0,80.858,46.248,8.588,3.632,19.489,22.042,0.0,3.823,23.122,55.402,5.639,8.191,3.823,0.0,6.094,30.572,20.926,0.0,42.407,4.038,18.468,30.581,12.114,28.843,5.956,0.0,8.473,15.951,22.707,26.326,26.543,0.0,19.6,21.427,20.17,15.927,22.875,3.823,10.008,61.041,23.312,0.0,1.816,2.781,11.699,24.002,14.898,0.0,46.62,24.847,55.272,16.126,3.755,0.0,0.0,70.271,29.729,0.0,0.0,0.0,0.0,45.034,47.087,3.755,2.34,1.784,0.0,33.604,45.471,20.926,0.0,0.0,0.0,43.064,55.153,1.784,0.0,0.0,0.0,27.115,20.056,4.199,0.0,44.808,3.823,20.91,43.368,23.878,0.0,8.021,3.823,28.508,26.26,28.93,0.0,4.076,12.227
4,1216,5.0,1900910,Albia,INC4,15.652,14.805,40.95,22.11,6.484,0.0,28.619,59.651,5.247,0.0,6.484,0.0,70.391,21.288,0.0,0.0,8.321,0.0,8.898,33.447,36.856,6.933,13.866,0.0,0.0,7.33,28.373,57.813,6.484,0.0,18.16,6.088,26.832,0.0,48.92,0.0,6.933,22.347,22.347,0.0,48.372,0.0,15.743,41.426,0.0,0.0,42.832,0.0,8.321,46.083,45.596,0.0,0.0,0.0,20.85,25.307,37.255,11.77,4.819,0.0,49.517,18.214,32.269,0.0,0.0,0.0,29.22,40.349,0.0,0.0,30.431,0.0,35.703,35.703,0.0,0.0,28.594,0.0,13.814,47.074,28.619,10.494,0.0,0.0,12.577,49.492,29.609,0.0,8.321,0.0,34.442,30.456,26.781,0.0,8.321,0.0,50.339,28.373,6.484,8.321,6.484,0.0,7.33,71.381,8.321,0.0,12.967,0.0
5,1217,6.0,1900955,Albion,INC4,4.781,4.781,10.312,43.431,4.781,31.914,0.0,24.232,0.0,0.0,0.0,75.768,0.0,17.656,16.927,0.0,4.496,60.92,8.557,18.199,36.141,6.865,4.834,25.403,0.0,0.0,3.551,0.0,0.0,96.449,0.0,9.562,0.0,0.0,35.744,54.694,0.0,12.773,2.558,0.0,31.917,52.752,4.781,12.214,4.781,0.0,10.312,67.912,0.0,44.174,27.306,23.909,4.611,0.0,2.721,1.594,3.035,7.554,3.131,81.965,2.494,39.08,21.423,4.496,2.494,30.013,69.383,6.99,23.627,0.0,0.0,0.0,55.188,21.184,0.0,23.627,0.0,0.0,6.99,31.032,61.978,0.0,0.0,0.0,15.983,50.163,16.927,16.927,0.0,0.0,33.878,9.698,40.555,0.0,6.99,8.879,41.574,27.809,28.124,0.0,2.494,0.0,19.361,44.384,27.058,0.0,2.583,6.614
6,1218,7.0,1901270,Allerton,INC4,8.177,12.421,43.028,36.374,0.0,0.0,12.421,0.0,18.187,0.0,0.0,69.392,24.841,0.0,0.0,0.0,0.0,75.159,0.0,0.0,59.642,40.358,0.0,0.0,8.177,0.0,0.0,0.0,0.0,91.823,0.0,30.608,12.421,0.0,48.795,8.177,8.177,43.028,12.421,0.0,18.187,18.187,0.0,38.785,30.608,12.421,18.187,0.0,8.177,43.028,36.374,12.421,0.0,0.0,18.991,21.209,18.483,6.062,0.0,35.256,20.597,66.982,0.0,12.421,0.0,0.0,38.785,61.215,0.0,0.0,0.0,0.0,51.205,48.795,0.0,0.0,0.0,0.0,0.0,18.187,8.177,61.215,12.421,0.0,20.597,48.795,30.608,0.0,0.0,0.0,44.551,43.028,0.0,0.0,0.0,12.421,26.364,73.636,0.0,0.0,0.0,0.0,20.597,66.982,0.0,0.0,12.421,0.0
7,1219,8.0,1901630,Altoona,INC4,1.861,9.303,28.871,14.661,38.97,6.333,10.985,48.282,14.259,11.567,9.952,4.956,39.879,44.139,3.589,7.78,4.613,0.0,14.357,60.35,13.28,7.844,4.168,0.0,1.861,38.93,37.459,18.96,2.791,0.0,10.499,19.777,14.745,7.78,37.771,9.428,0.0,0.837,8.461,7.926,75.887,6.888,2.82,32.346,23.531,9.807,29.616,1.881,2.743,62.401,25.449,8.001,1.405,0.0,16.748,42.405,25.371,12.594,2.882,0.0,44.009,40.008,5.435,7.78,2.768,0.0,45.411,43.597,0.0,7.78,3.212,0.0,37.389,31.927,0.0,7.78,22.905,0.0,21.097,42.139,28.984,7.78,0.0,0.0,41.342,44.118,12.695,0.0,1.846,0.0,54.756,38.483,6.761,0.0,0.0,0.0,35.402,44.32,20.277,0.0,0.0,0.0,17.061,54.897,5.51,12.871,6.855,2.806
8,1220,9.0,1902260,Anita,INC4,0.0,24.27,49.724,15.022,10.985,0.0,0.0,58.136,31.122,10.743,0.0,0.0,22.823,46.916,30.261,0.0,0.0,0.0,8.834,20.949,58.136,12.081,0.0,0.0,0.0,8.834,48.765,31.658,0.0,10.743,19.381,68.835,0.0,0.0,11.784,0.0,12.331,0.0,41.569,14.994,16.862,14.245,0.0,27.875,28.353,20.949,22.823,0.0,0.0,78.668,21.332,0.0,0.0,0.0,20.86,53.506,7.759,14.645,3.23,0.0,0.0,19.577,52.011,10.743,0.0,17.669,71.641,28.359,0.0,0.0,0.0,0.0,48.824,8.834,42.342,0.0,0.0,0.0,19.041,72.125,0.0,8.834,0.0,0.0,38.559,49.36,12.081,0.0,0.0,0.0,46.916,21.485,0.0,0.0,31.599,0.0,13.348,52.017,21.954,0.0,0.0,12.681,0.0,31.831,34.867,21.867,11.434,0.0
9,1221,10.0,1903475,Atkins,INC4,1.137,8.529,17.053,22.627,31.996,18.659,14.574,52.56,10.274,4.514,12.986,5.091,35.037,34.494,5.499,3.654,21.316,0.0,31.618,43.061,22.343,0.0,2.979,0.0,0.0,0.0,3.242,29.723,12.802,54.233,22.379,26.168,13.085,2.832,32.704,2.832,1.359,0.0,1.359,9.49,62.869,24.923,13.421,25.935,13.026,2.8,33.517,11.302,0.0,36.703,46.238,3.408,11.966,1.685,9.561,7.748,19.429,16.542,10.494,36.226,10.376,37.156,41.313,1.561,6.131,3.463,46.228,45.548,1.046,1.046,6.131,0.0,43.676,28.589,6.546,0.0,21.189,0.0,9.521,53.4,29.388,6.628,1.064,0.0,14.289,48.861,27.148,1.046,8.656,0.0,29.85,33.859,20.666,0.0,15.626,0.0,12.184,47.476,19.27,10.512,10.558,0.0,11.611,64.296,11.337,1.107,10.541,1.107
10,1222,11.0,1903655,Audubon,INC4,7.498,23.167,34.428,27.41,0.0,7.498,30.664,39.719,29.617,0.0,0.0,0.0,81.922,10.581,7.498,0.0,0.0,0.0,4.036,60.583,35.381,0.0,0.0,0.0,0.0,40.671,51.831,7.498,0.0,0.0,0.0,11.533,33.174,11.06,40.198,4.036,0.0,24.321,31.445,0.0,40.198,4.036,0.0,50.476,27.41,7.498,10.581,4.036,0.0,48.269,40.198,11.533,0.0,0.0,8.718,29.229,36.093,12.403,3.527,10.03,60.281,21.64,18.078,0.0,0.0,0.0,74.324,25.676,0.0,0.0,0.0,0.0,73.069,26.931,0.0,0.0,0.0,0.0,7.498,34.907,25.676,31.919,0.0,0.0,18.557,38.938,38.469,4.036,0.0,0.0,30.09,60.583,0.0,4.036,5.29,0.0,31.356,39.588,24.85,4.206,0.0,0.0,42.907,38.71,18.383,0.0,0.0,0.0
11,1223,12.0,1904420,Bancroft,INC4,30.888,34.253,17.362,17.497,0.0,0.0,33.513,60.498,5.989,0.0,0.0,0.0,9.778,4.889,18.677,11.136,6.742,48.779,11.373,66.487,11.373,0.0,10.767,0.0,22.14,34.859,24.899,18.102,0.0,0.0,71.349,17.596,5.233,0.0,0.0,5.822,32.576,40.426,8.028,0.0,18.97,0.0,22.11,39.837,5.233,8.028,24.792,0.0,46.313,30.858,22.829,0.0,0.0,0.0,31.215,40.093,24.685,2.11,0.0,1.897,14.172,63.361,13.184,4.889,4.395,0.0,62.347,37.653,0.0,0.0,0.0,0.0,54.422,35.8,9.778,0.0,0.0,0.0,4.889,35.196,30.307,29.608,0.0,0.0,53.174,40.085,0.0,6.742,0.0,0.0,62.951,11.136,0.0,0.0,21.024,4.889,58.557,32.16,0.0,0.0,4.395,4.889,18.903,64.335,12.165,0.0,4.597,0.0
12,1224,13.0,1904825,Batavia,INC4,0.0,0.0,41.703,20.851,0.0,37.446,0.0,0.0,0.0,20.851,0.0,79.149,41.703,33.015,0.0,0.0,0.0,25.282,0.0,26.345,41.712,0.0,31.943,0.0,0.0,0.0,0.0,20.851,0.0,79.149,0.0,0.0,26.345,0.0,58.288,15.368,0.0,0.0,20.851,0.0,46.134,33.015,0.0,12.163,0.0,20.851,46.134,20.851,0.0,33.015,20.851,25.282,0.0,20.851,6.95,6.95,6.95,6.95,0.0,72.198,0.0,41.703,33.015,0.0,0.0,25.282,53.866,46.134,0.0,0.0,0.0,0.0,41.703,33.015,0.0,25.282,0.0,0.0,0.0,33.015,20.851,46.134,0.0,0.0,12.163,20.851,20.851,0.0,0.0,46.134,58.297,41.703,0.0,0.0,0.0,0.0,53.866,20.851,0.0,0.0,25.282,0.0,0.0,20.851,41.703,0.0,0.0,37.446
13,1225,14.0,1904870,Battle Creek,INC4,0.0,0.0,7.374,77.098,5.92,9.607,0.0,16.946,0.0,48.516,0.0,34.539,5.649,52.034,5.649,0.0,3.518,33.151,0.0,61.207,14.811,9.167,9.167,5.649,0.0,0.0,5.649,59.813,0.0,34.539,0.0,3.687,19.21,55.655,5.92,15.527,0.0,14.811,58.751,8.105,3.518,14.815,0.0,0.0,80.785,0.0,3.687,15.527,4.587,23.978,9.167,53.102,3.518,5.649,1.173,24.875,7.639,40.694,0.0,25.62,18.34,26.108,52.034,0.0,0.0,3.518,83.058,16.942,0.0,0.0,0.0,0.0,28.894,71.106,0.0,0.0,0.0,0.0,0.0,11.297,85.185,0.0,3.518,0.0,34.213,57.682,4.587,0.0,3.518,0.0,23.985,57.682,3.518,0.0,5.649,9.167,8.105,19.398,14.815,48.516,3.518,5.649,0.0,34.213,56.62,5.649,3.518,0.0
14,1226,15.0,1904960,Bayard,INC4,0.0,0.0,8.554,51.41,31.481,8.554,0.0,0.0,0.0,59.966,11.107,28.927,8.554,22.962,15.978,0.0,21.024,31.481,0.0,11.107,70.72,0.0,0.0,18.173,0.0,0.0,0.0,50.88,11.107,38.013,0.0,0.0,5.853,0.0,50.603,43.544,0.0,0.0,6.217,0.0,64.504,29.28,10.457,5.853,10.125,5.853,50.603,17.109,10.457,0.0,75.136,5.853,0.0,8.554,22.169,16.868,17.435,16.839,0.0,26.69,0.0,24.532,37.334,8.554,0.0,29.579,64.568,35.432,0.0,0.0,0.0,0.0,29.579,56.014,14.408,0.0,0.0,0.0,10.457,56.813,11.706,21.024,0.0,0.0,34.787,41.733,23.48,0.0,0.0,0.0,61.06,30.385,0.0,0.0,0.0,8.554,11.435,11.072,29.392,38.746,0.0,9.355,18.679,14.408,14.408,21.024,31.481,0.0
15,1227,16.0,1905365,Bedford,INC4,0.0,0.0,0.0,70.097,29.903,0.0,12.257,50.503,37.239,0.0,0.0,0.0,37.239,46.353,16.408,0.0,0.0,0.0,0.0,11.001,34.096,16.408,38.495,0.0,0.0,16.408,67.185,16.408,0.0,0.0,16.408,57.354,26.238,0.0,0.0,0.0,0.0,12.538,38.859,0.0,48.603,0.0,18.7,11.204,57.558,0.0,0.0,12.538,12.257,16.408,71.335,0.0,0.0,0.0,0.0,38.803,35.617,25.58,0.0,0.0,27.409,38.495,34.096,0.0,0.0,0.0,27.409,72.591,0.0,0.0,0.0,0.0,16.408,33.089,50.503,0.0,0.0,0.0,0.0,18.7,62.601,18.7,0.0,0.0,39.666,60.334,0.0,0.0,0.0,0.0,27.409,43.926,0.0,0.0,16.408,12.257,16.408,49.497,34.096,0.0,0.0,0.0,26.238,11.001,50.503,0.0,0.0,12.257
16,1228,17.0,1907030,Bloomfield,INC4,0.0,33.604,26.755,28.352,11.289,0.0,5.745,71.467,18.129,4.659,0.0,0.0,47.945,44.132,0.0,0.0,7.922,0.0,0.0,71.692,28.308,0.0,0.0,0.0,0.0,55.779,11.406,21.136,11.68,0.0,21.136,39.114,0.0,0.0,39.751,0.0,21.136,19.875,27.434,0.0,31.555,0.0,19.838,44.634,16.874,0.0,18.655,0.0,33.699,46.464,19.838,0.0,0.0,0.0,25.815,42.727,28.215,0.0,3.243,0.0,47.945,40.765,0.0,0.0,11.289,0.0,27.516,52.055,20.43,0.0,0.0,0.0,36.656,49.069,2.985,0.0,11.289,0.0,11.289,11.289,33.576,43.845,0.0,0.0,11.289,62.193,26.518,0.0,0.0,0.0,16.226,37.78,2.985,0.0,43.009,0.0,50.931,22.314,6.325,20.43,0.0,0.0,47.945,52.055,0.0,0.0,0.0,0.0
17,1229,18.0,1909280,Buffalo Center,INC4,9.208,20.696,51.259,15.58,3.257,0.0,17.671,37.487,32.377,9.208,3.257,0.0,44.153,6.985,48.862,0.0,0.0,0.0,7.589,33.251,37.254,21.907,0.0,0.0,3.257,17.671,60.876,18.196,0.0,0.0,20.791,37.57,35.124,0.0,6.515,0.0,8.23,50.048,12.698,0.0,29.024,0.0,0.0,37.303,35.628,21.929,5.14,0.0,3.257,44.413,41.722,10.607,0.0,0.0,25.16,31.46,22.727,16.992,2.172,1.489,37.293,20.901,23.892,0.0,17.915,0.0,66.688,24.986,0.0,0.0,8.325,0.0,71.184,10.901,0.0,0.0,17.915,0.0,2.945,28.94,42.759,25.356,0.0,0.0,40.238,41.847,9.59,0.0,8.325,0.0,28.529,26.55,8.938,0.0,35.984,0.0,23.207,23.932,12.821,0.0,40.04,0.0,22.54,36.639,24.79,3.084,12.947,0.0
18,1230,19.0,1910045,Calmar,INC4,9.137,9.515,67.264,14.083,0.0,0.0,9.137,72.022,14.083,0.0,0.0,4.757,45.204,54.796,0.0,0.0,0.0,0.0,9.137,9.137,28.356,0.0,53.37,0.0,0.0,4.569,9.137,86.294,0.0,0.0,0.0,75.47,4.985,0.0,19.545,0.0,0.0,9.137,23.787,4.569,62.507,0.0,0.0,9.137,76.779,0.0,14.083,0.0,4.569,13.706,81.726,0.0,0.0,0.0,7.677,42.785,22.484,22.484,3.046,1.523,9.183,53.04,37.777,0.0,0.0,0.0,56.265,40.756,0.0,0.0,2.979,0.0,56.265,40.756,0.0,0.0,2.979,0.0,0.0,9.06,53.163,37.777,0.0,0.0,2.979,90.817,6.204,0.0,0.0,0.0,12.408,81.198,0.0,0.0,0.0,6.394,2.979,90.94,0.0,0.0,3.102,2.979,3.197,57.866,38.937,0.0,0.0,0.0
19,1231,20.0,1912270,Center Point,INC4,6.475,29.653,22.84,22.972,16.951,1.108,19.602,37.577,33.791,0.0,9.03,0.0,70.515,20.753,8.178,0.0,0.554,0.0,24.341,55.205,6.006,2.012,11.894,0.543,2.012,13.224,51.546,20.295,6.888,6.035,4.046,47.157,12.351,0.0,33.348,3.098,0.0,16.397,5.932,0.0,67.024,10.647,22.998,20.369,28.8,0.0,25.821,2.012,4.307,39.011,45.644,2.142,8.896,0.0,11.059,22.609,24.408,24.009,10.016,7.9,0.543,26.631,18.409,26.617,12.894,14.906,51.989,31.614,0.0,0.0,16.397,0.0,56.578,31.071,0.0,0.0,12.351,0.0,0.0,58.199,29.525,12.277,0.0,0.0,30.669,53.782,7.026,0.0,8.524,0.0,42.234,42.683,6.475,0.0,6.0,2.607,25.01,41.333,9.443,1.96,14.185,8.07,21.202,44.335,21.144,0.0,13.319,0.0
20,1232,21.0,1912720,Chariton,INC4,14.117,48.876,24.055,12.951,0.0,0.0,0.0,65.24,34.76,0.0,0.0,0.0,45.766,28.394,7.361,18.479,0.0,0.0,14.117,26.144,37.007,16.256,6.476,0.0,0.0,0.0,69.469,24.055,6.476,0.0,0.0,29.607,35.683,0.0,34.709,0.0,14.117,72.932,6.476,0.0,6.476,0.0,28.233,5.552,54.187,12.028,0.0,0.0,0.0,39.096,60.904,0.0,0.0,0.0,11.57,20.354,36.646,27.113,4.317,0.0,6.813,57.348,27.893,0.0,7.946,0.0,45.766,39.512,7.361,0.0,7.361,0.0,16.047,35.755,18.479,0.0,29.719,0.0,0.0,6.311,67.849,25.84,0.0,0.0,0.0,46.839,53.161,0.0,0.0,0.0,45.766,39.512,0.0,0.0,14.722,0.0,0.0,34.705,23.408,41.887,0.0,0.0,0.0,52.077,47.923,0.0,0.0,0.0
21,1233,22.0,1913080,Cherokee,INC4,7.123,26.264,62.268,4.346,0.0,0.0,34.949,55.138,9.913,0.0,0.0,0.0,27.203,59.067,10.525,0.0,3.206,0.0,9.891,49.899,26.269,10.629,3.312,0.0,16.957,25.331,47.082,10.629,0.0,0.0,7.085,24.638,56.846,0.0,7.877,3.554,15.2,53.315,7.877,3.53,16.523,3.554,18.05,52.349,22.01,0.0,0.0,7.591,17.538,68.043,14.419,0.0,0.0,0.0,26.503,44.199,25.68,2.275,1.343,0.0,58.088,25.212,16.7,0.0,0.0,0.0,37.727,62.273,0.0,0.0,0.0,0.0,34.522,55.19,6.39,0.0,3.899,0.0,6.368,61.337,25.212,7.083,0.0,0.0,26.51,65.693,7.798,0.0,0.0,0.0,27.203,24.498,7.105,34.569,0.0,6.626,16.414,70.07,3.206,7.105,0.0,3.206,23.518,66.193,7.083,3.206,0.0,0.0
22,1234,23.0,1913530,Clarence,INC4,3.211,8.313,43.552,21.729,23.196,0.0,50.49,38.177,0.0,0.0,11.333,0.0,36.539,22.074,13.737,7.654,19.996,0.0,6.421,45.961,24.423,0.0,23.196,0.0,0.0,0.0,19.646,38.177,11.333,30.844,0.0,3.494,21.028,26.582,39.848,9.048,9.048,51.104,0.0,0.0,30.8,9.048,0.0,7.654,17.336,9.91,35.987,29.112,0.0,52.191,34.054,5.103,8.652,0.0,4.848,17.837,13.683,12.721,10.439,40.472,44.194,26.305,6.082,6.082,17.336,0.0,66.672,13.737,0.0,6.082,13.509,0.0,70.499,9.91,0.0,6.082,13.509,0.0,7.654,21.391,22.251,35.195,13.509,0.0,44.81,29.112,6.486,6.082,13.509,0.0,19.592,32.939,0.0,6.082,37.559,3.827,7.654,23.419,25.285,6.082,33.732,3.827,7.654,48.931,0.0,6.082,37.332,0.0
23,1235,24.0,1913575,Clarinda,INC4,1.648,35.735,55.646,5.323,1.648,0.0,16.645,63.564,10.341,9.45,0.0,0.0,18.459,53.38,9.068,0.0,19.093,0.0,1.621,27.353,59.949,5.236,5.84,0.0,4.501,15.024,62.306,18.169,0.0,0.0,16.55,41.036,24.508,0.0,17.906,0.0,1.648,19.369,10.218,0.0,62.829,5.936,0.0,47.765,24.393,0.0,27.842,0.0,7.432,42.767,43.444,6.357,0.0,0.0,19.21,54.767,12.006,14.016,0.0,0.0,36.472,37.854,17.885,5.025,2.763,0.0,57.121,28.208,14.671,0.0,0.0,0.0,66.865,12.861,14.671,0.0,5.603,0.0,5.599,46.574,34.966,12.861,0.0,0.0,16.903,64.107,13.965,0.0,5.025,0.0,48.303,30.746,5.603,0.0,11.305,4.043,29.764,34.911,35.324,0.0,0.0,0.0,18.164,50.265,16.91,0.0,14.661,0.0
24,1236,25.0,1915240,Colo,INC4,0.0,3.973,23.177,42.391,28.51,1.949,3.795,0.0,4.476,8.271,13.868,69.59,20.636,53.658,4.048,0.0,21.659,0.0,0.0,25.482,50.556,8.271,15.691,0.0,0.0,3.973,3.973,8.659,14.518,68.877,0.0,19.256,32.593,0.0,46.121,2.03,3.436,12.632,9.371,0.0,58.093,16.467,0.0,20.754,23.177,3.973,50.147,1.949,7.409,24.665,48.722,0.0,14.518,4.686,17.474,22.701,19.307,4.345,3.738,32.433,18.391,33.176,7.479,0.0,28.413,12.541,45.781,32.56,0.0,0.0,21.659,0.0,44.097,34.244,0.0,0.0,21.659,0.0,10.911,42.339,26.114,20.636,0.0,0.0,13.211,52.59,30.152,4.048,0.0,0.0,20.03,29.799,3.432,0.0,21.659,25.081,29.193,32.56,29.129,0.0,9.118,0.0,11.653,65.372,3.469,0.0,19.506,0.0
25,1237,26.0,1915420,Columbus Junction,INC4,1.616,5.654,56.29,31.53,4.909,0.0,56.733,11.746,27.881,0.0,3.64,0.0,3.512,12.95,32.901,50.637,0.0,0.0,0.0,27.248,39.851,29.389,3.512,0.0,0.0,3.013,49.516,47.47,0.0,0.0,1.739,31.609,4.606,54.463,5.28,2.303,25.529,9.322,33.54,0.0,31.609,0.0,0.0,6.109,90.114,0.0,3.778,0.0,0.0,13.928,60.544,0.0,25.529,0.0,1.319,10.707,45.597,39.95,2.427,0.0,10.563,63.561,2.141,23.735,0.0,0.0,40.197,59.803,0.0,0.0,0.0,0.0,14.321,56.29,0.0,23.735,5.654,0.0,2.219,40.504,29.038,24.599,3.64,0.0,5.859,63.682,30.459,0.0,0.0,0.0,16.462,81.397,0.0,0.0,2.141,0.0,8.667,61.944,23.735,0.0,5.654,0.0,5.155,67.598,0.0,23.735,3.512,0.0
26,1238,27.0,1916500,Corning,INC4,0.0,27.574,57.035,15.392,0.0,0.0,30.512,56.818,12.67,0.0,0.0,0.0,9.218,49.509,35.931,5.342,0.0,0.0,0.0,6.04,39.729,48.191,6.04,0.0,0.0,10.779,72.313,16.909,0.0,0.0,27.574,15.28,17.089,7.696,32.362,0.0,0.0,8.616,39.606,0.0,51.778,0.0,0.0,15.872,22.193,7.696,54.239,0.0,0.0,71.805,28.195,0.0,0.0,0.0,18.867,41.778,29.095,0.782,1.796,7.682,54.993,13.578,26.087,5.342,0.0,0.0,65.028,26.087,3.543,0.0,0.0,5.342,47.792,35.827,11.039,0.0,0.0,5.342,0.0,34.954,31.269,33.776,0.0,0.0,20.746,54.773,24.481,0.0,0.0,0.0,34.543,52.208,3.954,0.0,3.954,5.342,55.618,39.04,5.342,0.0,0.0,0.0,7.496,64.48,22.682,0.0,0.0,5.342
27,1239,28.0,1916545,Correctionville,INC4,0.0,25.089,41.74,20.524,6.777,5.871,21.603,70.317,2.402,0.0,3.277,2.402,32.14,42.36,23.099,0.0,2.402,0.0,0.0,16.216,46.051,13.699,21.633,2.402,4.741,22.134,50.474,7.201,0.0,15.45,12.611,27.089,0.0,6.339,37.127,16.833,0.0,32.22,2.681,3.659,30.455,30.985,0.0,37.79,41.397,3.358,14.995,2.461,0.0,55.122,39.199,5.679,0.0,0.0,15.642,40.291,14.91,10.334,4.566,14.256,15.21,52.677,14.767,0.0,17.346,0.0,41.242,55.481,3.277,0.0,0.0,0.0,25.288,68.158,3.277,0.0,3.277,0.0,4.803,59.749,33.046,2.402,0.0,0.0,27.397,67.8,4.803,0.0,0.0,0.0,29.962,43.719,0.0,0.0,21.021,5.298,13.271,34.333,42.139,0.0,10.256,0.0,11.589,51.73,2.402,0.0,34.28,0.0
28,1240,29.0,1919945,Denison,INC4,12.944,49.347,28.49,7.985,1.234,0.0,15.913,34.394,46.626,3.067,0.0,0.0,25.112,46.494,10.841,0.0,17.554,0.0,5.499,52.74,33.84,4.6,3.321,0.0,3.972,22.902,52.255,20.871,0.0,0.0,0.0,44.735,21.426,0.0,27.504,6.335,0.0,25.209,23.115,9.804,36.78,5.093,9.327,42.046,13.0,8.827,25.619,1.181,5.079,31.729,60.126,0.0,3.067,0.0,12.825,46.714,29.718,10.743,0.0,0.0,30.598,47.476,16.847,0.0,5.079,0.0,39.094,40.534,15.292,0.0,5.079,0.0,27.882,50.066,10.713,0.0,11.339,0.0,5.079,54.841,31.934,8.146,0.0,0.0,6.26,67.939,18.154,7.646,0.0,0.0,34.496,27.436,19.54,3.067,14.28,1.181,29.642,48.307,14.405,7.646,0.0,0.0,17.299,46.996,24.493,0.0,11.213,0.0
29,1241,30.0,1921810,Donnellson,INC4,2.658,5.502,27.019,54.356,7.714,2.751,2.561,2.651,0.0,6.368,0.0,88.419,67.719,27.246,5.035,0.0,0.0,0.0,2.649,54.948,32.417,2.559,7.428,0.0,0.0,0.0,0.0,34.293,0.0,65.707,2.589,29.986,30.077,2.68,31.988,2.68,5.474,21.684,34.036,2.784,33.237,2.784,3.621,44.703,28.901,5.165,7.279,10.331,2.589,32.757,61.975,2.68,0.0,0.0,1.207,25.483,27.929,15.416,3.621,26.344,2.432,73.341,8.565,2.518,9.614,3.53,32.45,57.936,6.084,0.0,3.53,0.0,43.447,41.903,8.601,0.0,6.048,0.0,0.0,27.838,41.36,23.53,3.655,3.618,4.95,63.311,24.643,0.0,3.566,3.53,7.741,74.464,0.0,2.61,8.916,6.269,0.0,18.179,24.643,53.648,0.0,3.53,5.962,80.437,7.553,2.518,3.53,0.0
30,1242,31.0,1922620,Dumont,INC4,0.0,13.567,28.763,49.134,0.0,8.536,0.0,20.979,32.984,27.791,0.0,18.245,11.574,22.807,22.045,4.884,16.117,22.574,4.221,47.303,44.254,0.0,4.221,0.0,14.024,10.004,42.625,23.639,5.488,4.221,0.0,8.536,5.488,37.5,38.767,9.709,0.0,27.591,34.251,14.225,19.712,4.221,15.491,0.0,38.109,14.225,9.709,22.467,10.004,20.684,45.379,14.225,9.709,0.0,6.669,20.509,29.627,22.307,7.317,13.571,15.491,48.933,4.221,13.567,4.221,13.567,45.006,37.206,0.0,0.0,17.788,0.0,34.708,19.054,28.45,13.567,4.221,0.0,19.512,40.691,35.576,0.0,4.221,0.0,33.736,38.472,23.57,0.0,4.221,0.0,34.545,44.254,0.0,0.0,16.979,4.221,20.979,66.264,0.0,0.0,4.221,8.536,12.195,38.385,30.553,0.0,18.866,0.0
31,1243,32.0,1923250,Eagle Grove,INC4,4.148,29.328,42.189,24.335,0.0,0.0,17.419,72.487,10.093,0.0,0.0,0.0,46.337,39.421,10.093,4.148,0.0,0.0,4.148,23.364,46.337,26.15,0.0,0.0,0.0,26.15,49.514,24.335,0.0,0.0,36.244,34.429,3.177,0.0,26.15,0.0,4.148,24.335,3.177,0.0,68.339,0.0,4.148,62.376,33.476,0.0,0.0,0.0,4.148,46.337,49.514,0.0,0.0,0.0,8.717,52.323,35.596,3.364,0.0,0.0,14.242,49.514,14.242,22.002,0.0,0.0,43.569,56.431,0.0,0.0,0.0,0.0,21.568,42.189,10.093,22.002,4.148,0.0,0.0,17.419,78.432,4.148,0.0,0.0,3.177,82.581,14.242,0.0,0.0,0.0,49.514,50.486,0.0,0.0,0.0,0.0,53.663,42.189,0.0,0.0,4.148,0.0,7.326,50.486,42.189,0.0,0.0,0.0
32,1244,33.0,1924645,Elgin,INC4,15.209,0.0,30.418,31.642,22.732,0.0,7.604,0.0,46.851,7.604,19.83,18.111,33.361,33.32,18.111,0.0,15.209,0.0,0.0,55.708,27.832,8.23,8.23,0.0,0.0,7.604,39.246,35.039,0.0,18.111,0.0,0.0,27.876,24.691,39.202,8.23,0.0,29.692,16.461,6.414,47.433,0.0,30.336,22.813,22.813,5.927,18.111,0.0,9.842,33.28,47.037,0.0,9.842,0.0,17.925,30.163,18.578,8.23,0.0,25.103,0.0,36.221,40.965,7.604,0.0,15.209,36.344,63.656,0.0,0.0,0.0,0.0,7.604,77.187,7.604,7.604,0.0,0.0,0.0,40.965,51.43,7.604,0.0,0.0,33.361,51.43,15.209,0.0,0.0,0.0,0.0,48.529,0.0,0.0,21.135,30.336,0.0,56.051,15.209,0.0,21.135,7.604,0.0,62.04,20.633,8.664,8.664,0.0
33,1245,34.0,1924780,Elk Horn,INC4,6.29,21.326,31.139,37.223,4.022,0.0,26.029,55.612,8.311,10.049,0.0,0.0,52.402,43.602,0.0,3.996,0.0,0.0,19.88,34.41,23.33,15.073,7.307,0.0,2.969,3.499,54.765,35.268,0.0,3.499,15.543,25.329,29.438,5.378,21.328,2.985,9.966,27.576,23.402,8.848,26.564,3.643,6.281,37.657,29.225,13.788,13.048,0.0,6.075,49.067,39.834,5.024,0.0,0.0,10.891,23.958,33.977,14.228,3.524,13.421,8.549,39.932,31.16,12.981,3.381,3.996,71.288,28.712,0.0,0.0,0.0,0.0,70.116,18.691,7.813,0.0,3.381,0.0,6.249,40.305,40.901,12.545,0.0,0.0,31.3,45.818,22.882,0.0,0.0,0.0,54.647,29.427,8.549,0.0,3.381,3.996,41.981,28.375,11.93,3.381,10.337,3.996,25.994,43.919,23.079,0.0,3.504,3.504
34,1246,35.0,1925095,Elma,INC4,0.0,25.435,25.824,34.879,13.862,0.0,0.0,8.626,16.294,22.404,14.031,38.644,0.0,19.452,0.0,6.372,29.96,44.216,9.441,21.707,28.606,0.0,29.473,10.774,0.0,15.076,19.834,9.844,20.481,34.765,0.0,20.688,42.665,0.0,24.751,11.897,9.441,32.321,15.02,13.746,29.473,0.0,0.0,21.547,7.059,24.519,46.874,0.0,0.0,32.956,47.353,11.897,7.794,0.0,7.624,37.502,38.53,0.0,12.753,3.591,0.0,32.679,11.743,27.019,20.706,7.853,32.925,50.977,0.0,0.0,16.098,0.0,8.522,68.193,7.187,0.0,16.098,0.0,0.0,43.531,38.637,0.0,17.832,0.0,39.285,35.824,0.0,0.0,24.891,0.0,20.214,17.832,7.961,0.0,33.188,20.804,0.0,49.316,10.774,0.0,39.911,0.0,0.0,41.836,22.135,7.187,28.842,0.0
35,1247,36.0,1925725,Epworth,INC4,0.0,6.524,60.813,9.454,23.21,0.0,3.262,0.0,39.631,0.0,20.62,36.487,60.965,20.942,5.407,0.0,12.687,0.0,29.308,36.774,5.696,25.374,2.848,0.0,12.687,10.426,22.317,26.348,2.848,25.374,38.061,8.366,16.22,0.0,37.353,0.0,0.0,6.524,33.107,0.0,45.839,14.531,15.535,28.809,44.442,7.578,3.636,0.0,0.0,38.651,56.91,0.0,4.439,0.0,20.632,5.972,28.637,20.217,1.899,22.644,62.148,31.368,5.696,0.0,0.788,0.0,76.099,10.426,12.687,0.0,0.788,0.0,76.099,15.535,0.0,0.0,0.788,7.578,37.852,15.833,33.629,12.687,0.0,0.0,16.91,39.622,43.468,0.0,0.0,0.0,21.529,33.629,25.374,0.0,18.681,0.788,49.751,20.265,18.094,0.0,9.042,2.848,14.781,20.526,50.113,0.0,14.58,0.0
36,1248,37.0,1925860,Estherville,INC4,0.0,48.349,30.627,21.024,0.0,0.0,26.457,69.343,4.2,0.0,0.0,0.0,9.251,42.886,39.486,0.0,4.189,4.189,0.0,33.199,66.801,0.0,0.0,0.0,0.0,36.303,35.335,28.361,0.0,0.0,4.384,33.699,13.964,21.024,17.849,9.08,4.384,47.662,4.884,4.197,12.966,25.907,8.401,36.962,38.196,4.2,8.221,4.02,4.2,58.081,37.718,0.0,0.0,0.0,21.738,56.707,14.841,0.0,0.0,6.714,46.577,53.423,0.0,0.0,0.0,0.0,47.761,22.69,25.173,0.0,0.0,4.376,49.684,41.509,4.403,0.0,4.403,0.0,8.753,70.263,20.984,0.0,0.0,0.0,22.38,56.636,20.984,0.0,0.0,0.0,42.886,39.984,4.189,0.0,4.189,8.753,54.121,37.126,0.0,0.0,0.0,8.753,28.761,66.365,4.874,0.0,0.0,0.0
37,1249,38.0,1926175,Everly,INC4,0.0,16.659,31.646,33.467,14.346,3.882,0.0,2.206,8.257,6.407,0.0,83.129,41.936,37.842,12.458,7.764,0.0,0.0,0.0,20.753,48.561,12.139,18.546,0.0,0.0,0.0,8.257,10.608,2.206,78.928,37.842,41.579,10.289,0.0,10.289,0.0,0.0,45.461,23.278,0.0,27.378,3.882,18.977,20.541,44.104,4.201,8.295,3.882,0.0,38.192,49.247,12.561,0.0,0.0,0.0,8.321,27.185,15.131,2.801,46.563,4.201,64.645,8.295,3.882,0.0,18.977,43.93,53.863,2.206,0.0,0.0,0.0,46.137,43.4,2.206,0.0,8.257,0.0,4.201,40.048,32.892,22.859,0.0,0.0,24.809,71.309,3.882,0.0,0.0,0.0,18.977,39.729,2.206,0.0,18.546,20.541,2.206,59.025,3.882,3.882,22.921,8.083,12.458,75.365,3.882,2.206,6.089,0.0
38,1250,39.0,1926895,Farmington,INC4,0.0,26.088,14.959,43.877,7.273,7.803,7.273,33.774,58.953,0.0,0.0,0.0,0.0,18.219,39.131,35.249,3.701,3.701,3.843,14.546,33.891,40.446,7.273,0.0,0.0,26.088,30.035,17.788,0.0,26.088,0.0,3.996,3.996,10.506,54.37,27.131,33.774,22.349,2.829,0.0,41.047,0.0,26.088,0.0,10.102,11.116,48.85,3.843,0.0,33.362,36.707,26.088,0.0,3.843,22.379,3.705,8.354,29.628,0.0,35.934,26.088,11.646,44.478,6.672,3.843,7.273,25.123,56.771,3.701,3.701,10.705,0.0,37.24,25.929,25.827,7.2,3.804,0.0,0.0,3.843,55.11,37.204,3.843,0.0,3.701,53.536,35.362,3.701,3.701,0.0,39.131,11.215,3.701,0.0,39.528,6.425,18.106,31.661,32.127,7.401,10.705,0.0,0.0,39.641,56.658,0.0,3.701,0.0
39,1251,40.0,1928290,Fontanelle,INC4,0.0,36.674,42.217,21.109,0.0,0.0,0.0,61.68,19.16,9.58,0.0,9.58,47.025,21.19,10.595,10.595,10.595,0.0,0.0,52.449,37.971,9.58,0.0,0.0,0.0,16.644,35.456,38.32,0.0,9.58,0.0,39.446,10.554,10.554,21.109,18.337,18.337,39.446,10.554,0.0,31.663,0.0,18.337,10.554,50.0,0.0,21.109,0.0,11.493,11.493,65.521,0.0,11.493,0.0,0.0,6.112,27.221,16.941,0.0,49.726,26.224,26.224,28.391,9.58,9.58,0.0,54.964,35.456,0.0,0.0,9.58,0.0,45.384,45.036,0.0,0.0,9.58,0.0,0.0,35.804,45.036,19.16,0.0,0.0,10.595,78.81,10.595,0.0,0.0,0.0,26.224,35.456,9.58,0.0,19.16,9.58,26.224,64.196,9.58,0.0,0.0,0.0,16.644,54.616,9.58,0.0,19.16,0.0
40,1252,41.0,1929280,Fruitland,INC4,11.662,10.171,7.028,32.294,7.028,31.818,0.0,0.0,6.997,1.912,0.0,91.091,5.725,29.308,14.557,0.0,16.877,33.534,22.965,67.377,7.746,0.0,0.0,1.912,0.0,0.0,0.0,0.0,1.949,98.051,0.0,22.073,2.199,16.794,36.965,21.969,7.928,19.786,11.92,9.94,45.242,5.185,5.948,2.712,3.93,19.879,32.923,34.608,7.28,6.849,47.013,12.133,2.021,24.704,0.902,7.001,15.421,11.605,1.287,63.785,25.755,24.004,40.492,9.75,0.0,0.0,45.874,44.377,9.75,0.0,0.0,0.0,40.788,34.627,9.75,0.0,14.835,0.0,10.171,42.7,47.129,0.0,0.0,0.0,52.871,22.544,24.585,0.0,0.0,0.0,49.697,45.217,5.086,0.0,0.0,0.0,18.339,44.279,4.99,0.0,0.0,32.392,24.524,55.556,14.835,0.0,0.0,5.086
41,1253,42.0,1929910,Garnavillo,INC4,0.0,18.562,52.43,25.63,3.378,0.0,3.059,32.126,40.162,15.098,9.554,0.0,41.436,34.956,17.659,0.0,2.974,2.974,0.0,50.215,32.355,6.58,10.85,0.0,0.0,0.0,27.729,48.664,6.58,17.027,14.138,38.618,13.678,0.0,33.566,0.0,11.079,39.261,7.473,7.501,34.686,0.0,3.059,39.742,22.656,7.558,26.985,0.0,14.571,29.143,41.494,11.311,3.481,0.0,11.014,21.772,21.925,25.799,4.445,15.044,22.158,42.697,27.673,4.498,2.974,0.0,60.59,33.058,3.378,0.0,2.974,0.0,57.531,33.143,3.378,0.0,5.948,0.0,4.498,36.202,48.824,7.098,3.378,0.0,47.47,42.055,7.098,0.0,3.378,0.0,23.145,50.244,0.0,4.124,15.906,6.58,16.65,45.661,4.124,0.0,26.985,6.58,4.498,65.917,13.678,0.0,15.906,0.0
42,1254,43.0,1930225,George,INC4,5.89,53.012,30.178,10.92,0.0,0.0,16.138,43.061,11.35,8.956,10.247,10.247,36.068,42.335,16.138,5.46,0.0,0.0,0.0,17.148,44.584,27.379,10.889,0.0,0.0,16.434,47.552,24.664,0.0,11.35,0.0,67.201,0.0,7.068,25.731,0.0,7.085,12.326,42.802,0.0,37.787,0.0,17.148,39.64,5.802,26.522,10.889,0.0,5.89,52.636,32.517,8.956,0.0,0.0,13.192,50.78,25.206,0.0,0.0,10.822,22.845,46.003,31.152,0.0,0.0,0.0,64.793,26.251,8.956,0.0,0.0,0.0,70.253,20.791,8.956,0.0,0.0,0.0,5.89,47.552,41.097,5.46,0.0,0.0,11.35,68.774,10.92,8.956,0.0,0.0,53.443,16.003,8.956,0.0,10.247,11.35,22.028,46.557,15.707,5.46,10.247,0.0,5.89,69.446,14.416,0.0,10.247,0.0
43,1255,44.0,1930675,Gilbertville,INC4,0.0,4.881,20.696,23.373,25.614,25.436,0.0,7.622,7.622,8.085,7.254,69.418,8.544,0.0,4.221,12.275,10.049,64.91,22.798,75.149,0.0,0.0,2.053,0.0,0.0,4.161,4.286,16.361,1.967,73.225,21.974,26.593,8.422,0.0,34.589,8.422,7.939,4.161,4.161,8.422,40.177,35.139,11.617,3.995,13.451,3.995,41.293,25.65,13.231,18.309,37.759,24.0,6.701,0.0,1.332,18.216,15.117,13.901,1.889,49.546,27.811,66.305,3.995,0.0,1.889,0.0,31.806,58.683,7.622,0.0,1.889,0.0,25.187,49.133,8.085,7.622,9.974,0.0,27.811,46.658,16.171,9.36,0.0,0.0,25.091,58.738,16.171,0.0,0.0,0.0,37.785,54.129,8.085,0.0,0.0,0.0,31.806,62.828,0.0,5.365,0.0,0.0,12.401,54.403,22.656,0.0,10.539,0.0
44,1256,45.0,1931395,Glidden,INC4,0.0,18.499,25.497,25.457,30.546,0.0,7.126,8.143,0.0,38.427,7.126,39.178,39.849,33.852,3.879,0.0,14.622,7.798,0.0,56.559,11.552,4.05,19.695,8.143,0.0,11.177,24.08,49.475,8.143,7.126,15.135,25.072,17.862,4.353,28.827,8.752,0.0,11.509,20.967,4.035,59.453,4.035,25.708,15.375,31.558,4.035,23.324,0.0,6.824,30.693,41.24,21.242,0.0,0.0,6.77,24.178,13.368,14.852,12.023,28.811,6.824,23.059,36.061,3.879,26.298,3.879,61.386,26.938,0.0,0.0,11.676,0.0,43.818,34.736,6.824,0.0,14.622,0.0,21.446,33.599,33.279,0.0,11.676,0.0,21.766,41.396,25.161,0.0,11.676,0.0,34.452,23.657,0.0,0.0,19.247,22.644,14.582,44.702,6.661,0.0,22.379,11.676,17.527,41.036,8.117,0.0,33.319,0.0
45,1257,46.0,1931710,Gowrie,INC4,4.135,20.674,61.859,4.135,9.198,0.0,23.735,46.725,20.698,0.0,8.843,0.0,37.127,42.178,8.495,3.784,8.416,0.0,3.858,27.2,64.967,3.975,0.0,0.0,3.784,15.023,44.472,28.306,8.416,0.0,23.735,16.676,28.531,3.975,12.701,14.382,3.672,18.806,21.034,3.784,39.015,13.688,7.567,36.278,33.121,9.795,13.239,0.0,8.056,54.424,37.52,0.0,0.0,0.0,3.709,28.845,35.153,17.608,9.64,5.045,11.239,52.039,28.306,0.0,8.416,0.0,32.274,59.31,0.0,0.0,8.416,0.0,29.934,53.233,0.0,0.0,16.833,0.0,3.784,23.74,72.476,0.0,0.0,0.0,22.479,69.105,0.0,0.0,8.416,0.0,22.479,69.105,0.0,0.0,8.416,0.0,27.301,50.595,13.688,0.0,8.416,0.0,15.596,57.53,18.138,0.0,8.737,0.0
46,1258,47.0,1931800,Graettinger,INC4,4.281,66.151,12.548,13.957,3.063,0.0,4.184,48.881,30.303,13.639,2.993,0.0,47.718,25.092,8.178,13.213,5.799,0.0,0.0,52.921,41.994,2.092,2.993,0.0,2.092,7.177,49.167,28.182,2.993,10.389,12.773,32.196,23.442,0.0,28.527,3.063,2.395,22.804,2.395,2.395,66.583,3.427,10.389,24.288,35.529,18.723,8.078,2.993,2.488,63.286,30.666,0.0,3.56,0.0,19.591,35.882,28.242,8.26,3.469,4.556,2.027,44.245,35.589,15.24,2.9,0.0,39.431,60.569,0.0,0.0,0.0,0.0,41.458,58.542,0.0,0.0,0.0,0.0,0.0,35.627,55.394,6.08,2.9,0.0,11.115,83.086,2.9,0.0,2.9,0.0,54.671,27.19,0.0,0.0,18.139,0.0,22.413,37.944,2.027,17.266,20.35,0.0,7.977,66.377,20.169,0.0,5.477,0.0
47,1259,48.0,1932025,Grand Mound,INC4,0.0,2.121,14.119,40.645,29.89,13.224,4.649,14.119,0.0,0.0,0.0,81.231,1.994,22.875,0.0,0.0,0.0,75.131,0.0,44.31,39.299,2.993,13.398,0.0,0.0,2.121,0.0,22.632,0.0,75.247,13.746,8.154,32.819,11.317,29.504,4.461,0.0,23.753,7.299,0.0,40.125,28.823,0.0,5.702,18.531,39.517,10.054,26.195,2.363,10.476,45.4,22.419,14.618,4.725,0.0,5.822,20.118,18.381,2.824,52.856,22.933,45.81,18.561,0.0,1.635,11.062,63.875,28.315,0.0,0.0,7.809,0.0,40.718,40.073,3.59,0.0,15.619,0.0,1.635,26.843,46.635,15.444,9.444,0.0,24.753,63.848,9.764,0.0,1.635,0.0,20.313,40.528,1.994,0.0,27.206,9.959,3.978,39.529,18.403,13.031,25.059,0.0,9.632,39.331,19.958,1.667,16.462,12.949
48,1260,49.0,1933780,Hamburg,INC4,0.0,31.408,52.826,7.804,7.963,0.0,14.468,42.563,39.46,0.0,3.509,0.0,3.529,28.789,46.91,10.547,10.225,0.0,0.0,19.581,40.061,26.195,14.162,0.0,0.0,6.77,12.031,59.651,3.827,17.721,24.688,22.245,30.823,0.0,18.469,3.776,0.0,27.413,17.653,0.0,47.508,7.426,0.0,26.006,26.297,22.45,21.44,3.808,3.509,6.532,60.986,21.771,7.202,0.0,3.192,32.069,17.879,28.921,7.153,10.787,3.023,16.757,51.308,21.691,7.222,0.0,35.726,57.072,0.0,0.0,7.202,0.0,35.746,38.85,0.0,18.182,7.222,0.0,0.0,31.751,42.805,21.751,3.693,0.0,9.555,57.963,28.789,0.0,3.693,0.0,49.035,40.235,3.529,0.0,3.693,3.509,6.532,18.464,20.811,43.462,10.731,0.0,3.695,37.709,43.813,0.0,10.494,4.289
49,1261,50.0,1934680,Hartford,INC4,0.0,0.0,8.277,54.626,26.89,10.207,1.918,0.0,9.922,27.313,9.922,50.924,54.388,12.295,1.918,7.921,23.478,0.0,2.772,12.303,63.721,4.251,16.952,0.0,0.0,1.918,0.0,27.897,1.918,68.268,2.772,22.455,10.178,30.27,30.074,4.251,0.0,12.806,3.77,16.056,41.052,26.316,16.44,2.596,7.75,28.343,28.766,16.106,0.0,21.025,30.988,42.226,0.0,5.76,0.0,12.063,14.792,30.762,3.307,39.076,1.967,25.962,48.881,10.226,3.726,9.238,31.447,17.439,37.559,13.555,0.0,0.0,17.891,9.184,45.943,11.509,15.473,0.0,3.633,19.023,18.225,49.197,9.922,0.0,1.918,41.417,30.863,9.922,12.424,3.457,36.021,41.717,17.844,0.0,4.419,0.0,18.022,46.16,31.399,4.419,0.0,0.0,2.596,32.026,36.612,26.775,1.99,0.0
50,1262,51.0,1934725,Hartley,INC4,10.949,23.077,31.571,16.138,18.265,0.0,16.138,61.358,22.504,0.0,0.0,0.0,22.916,39.39,23.293,0.0,8.641,5.76,5.189,41.16,24.814,0.0,28.838,0.0,0.0,27.316,53.255,19.429,0.0,0.0,8.641,28.28,42.883,0.0,20.197,0.0,0.0,35.561,8.48,4.812,45.386,5.76,4.812,28.676,30.574,16.348,19.59,0.0,4.812,28.23,63.666,0.0,3.291,0.0,1.604,19.023,35.358,24.349,12.177,7.49,3.291,45.561,14.813,31.523,4.812,0.0,36.383,44.975,5.189,0.0,13.453,0.0,28.28,57.319,0.0,0.0,14.401,0.0,0.0,50.199,39.801,10.001,0.0,0.0,18.676,60.946,10.377,5.189,4.812,0.0,29.228,41.934,0.0,0.0,24.025,4.812,45.024,25.386,16.138,0.0,13.453,0.0,17.692,47.905,15.761,10.001,8.641,0.0
51,1263,52.0,1936345,Hills,INC4,2.672,32.481,42.333,0.0,8.015,14.498,0.0,8.588,8.588,2.419,8.588,71.816,37.018,29.742,0.0,5.9,27.34,0.0,21.985,44.604,22.312,5.55,5.55,0.0,0.0,0.0,31.887,6.918,0.0,61.195,16.06,10.885,17.803,0.0,30.724,24.528,2.713,21.028,27.467,2.713,27.041,19.038,0.0,28.405,10.885,5.458,36.214,19.038,17.474,24.761,52.725,5.039,0.0,0.0,6.821,22.856,9.007,15.809,0.0,45.507,8.123,82.617,9.26,0.0,0.0,0.0,54.637,40.733,0.0,0.0,4.63,0.0,43.217,52.153,0.0,0.0,4.63,0.0,18.147,72.593,6.945,2.315,0.0,0.0,36.122,63.878,0.0,0.0,0.0,0.0,54.473,40.924,2.288,0.0,2.315,0.0,0.0,44.199,28.585,16.996,0.0,10.22,14.688,65.237,8.002,0.0,12.073,0.0
52,1264,53.0,1937155,Hopkinton,INC4,0.0,18.437,48.055,10.702,22.806,0.0,21.367,35.057,26.955,5.663,5.039,5.919,36.827,26.306,4.463,5.016,27.388,0.0,5.039,38.913,32.618,5.663,17.767,0.0,6.186,10.702,14.877,27.579,0.0,40.656,4.479,29.075,20.476,11.582,22.806,11.582,14.557,21.66,22.596,5.663,29.861,5.663,0.0,41.576,10.958,5.663,36.764,5.039,0.0,60.839,27.579,5.663,5.919,0.0,4.144,32.711,12.516,9.709,11.95,28.97,0.0,24.348,18.672,17.758,25.593,13.629,55.681,13.901,4.825,0.0,25.593,0.0,17.976,41.738,14.692,0.0,25.593,0.0,8.927,33.908,30.004,5.016,22.145,0.0,20.214,46.855,10.107,5.223,17.601,0.0,23.298,28.44,5.223,5.223,32.356,5.459,25.285,20.952,7.776,11.203,29.058,5.725,5.17,38.064,5.17,5.811,45.785,0.0
53,1265,54.0,1937290,Hospers,INC4,11.61,38.168,26.825,23.397,0.0,0.0,23.016,40.538,10.679,19.243,6.524,0.0,36.134,52.563,0.0,0.0,11.302,0.0,0.0,44.692,48.783,6.524,0.0,0.0,0.0,0.0,11.687,45.454,0.0,42.86,0.0,39.359,29.694,17.273,4.444,9.23,0.0,21.626,15.243,0.0,45.591,17.539,9.24,39.225,19.243,13.049,9.622,9.622,4.154,30.916,55.308,9.622,0.0,0.0,5.977,30.254,28.41,18.084,1.385,15.892,8.628,50.222,36.064,0.0,0.0,5.086,42.197,57.803,0.0,0.0,0.0,0.0,42.197,53.649,4.154,0.0,0.0,0.0,26.762,44.373,28.865,0.0,0.0,0.0,24.392,52.937,16.146,6.524,0.0,0.0,18.799,49.495,4.154,0.0,13.776,13.776,31.643,41.532,22.67,4.154,0.0,0.0,33.767,54.546,11.687,0.0,0.0,0.0
54,1266,55.0,1937560,Humboldt,INC4,13.769,54.388,18.983,5.357,7.504,0.0,16.315,53.756,16.581,10.713,2.635,0.0,43.031,43.972,7.854,0.0,5.143,0.0,8.88,52.127,19.211,2.706,11.575,5.502,0.0,22.813,49.621,27.566,0.0,0.0,6.011,14.401,20.858,5.357,39.604,13.769,0.0,8.972,8.949,0.0,71.454,10.626,8.646,34.035,31.428,0.0,23.256,2.635,3.194,64.06,27.477,2.635,0.0,2.635,16.748,41.857,33.916,4.117,0.727,2.635,22.786,61.326,10.934,0.0,4.954,0.0,41.494,45.886,0.0,0.0,9.909,2.711,32.509,38.99,2.792,0.0,22.918,2.792,5.997,45.538,42.953,5.512,0.0,0.0,33.81,63.291,2.899,0.0,0.0,0.0,42.327,49.45,0.0,0.0,8.223,0.0,42.179,46.65,8.278,0.0,2.893,0.0,22.73,75.027,2.244,0.0,0.0,0.0
55,1267,56.0,1939450,Jefferson,INC4,3.91,24.921,48.547,16.455,6.167,0.0,7.948,55.479,36.573,0.0,0.0,0.0,36.593,10.193,15.147,0.0,34.636,3.432,0.0,45.707,37.971,7.757,8.565,0.0,0.0,10.573,69.203,20.224,0.0,0.0,3.975,16.726,14.905,0.0,55.617,8.777,3.879,15.669,18.423,0.0,53.464,8.565,6.062,37.959,7.467,0.0,44.001,4.511,8.385,83.858,7.757,0.0,0.0,0.0,16.538,52.867,26.342,2.748,0.0,1.504,17.391,46.618,3.599,4.349,28.043,0.0,20.991,71.061,3.599,0.0,4.349,0.0,30.438,31.621,13.497,0.0,24.443,0.0,11.548,46.618,38.235,0.0,3.599,0.0,19.496,44.513,32.391,0.0,3.599,0.0,36.282,60.119,0.0,0.0,3.599,0.0,10.193,66.712,7.948,11.548,3.599,0.0,12.297,41.814,45.889,0.0,0.0,0.0
56,1268,57.0,1940260,Kanawha,INC4,0.0,15.731,63.703,6.855,13.711,0.0,7.866,62.692,7.866,7.866,0.0,13.711,17.074,59.507,0.0,8.537,14.881,0.0,0.0,31.609,61.031,0.0,7.36,0.0,0.0,7.36,8.445,32.694,7.36,44.142,0.0,0.0,17.074,8.537,46.837,27.552,0.0,14.721,62.692,0.0,14.721,7.866,0.0,7.866,22.587,22.587,14.721,32.24,0.0,39.337,51.807,0.0,8.855,0.0,2.285,7.866,10.488,4.907,9.14,65.314,15.978,0.0,49.03,0.0,7.441,27.552,100.0,0.0,0.0,0.0,0.0,0.0,47.933,52.067,0.0,0.0,0.0,0.0,15.978,49.03,26.455,8.537,0.0,0.0,24.515,56.47,0.0,19.015,0.0,0.0,47.933,36.089,8.537,0.0,7.441,0.0,31.955,33.052,19.015,0.0,15.978,0.0,15.978,65.008,0.0,19.015,0.0,0.0
57,1269,58.0,1942600,Lake Park,INC4,4.854,14.881,55.677,9.708,14.881,0.0,0.0,6.399,22.413,15.248,4.424,51.515,75.612,24.388,0.0,0.0,0.0,0.0,0.0,31.552,26.837,17.223,24.388,0.0,0.0,24.388,28.812,28.812,0.0,17.988,0.0,22.413,28.812,0.0,30.787,17.988,0.0,26.837,10.824,0.0,24.388,37.952,0.0,55.649,13.564,4.424,19.963,6.399,0.0,46.741,53.259,0.0,0.0,0.0,1.475,51.48,32.517,3.608,8.788,2.133,15.248,53.2,17.988,13.564,0.0,0.0,51.225,48.775,0.0,0.0,0.0,0.0,17.988,62.048,19.963,0.0,0.0,0.0,13.564,53.2,33.236,0.0,0.0,0.0,8.849,71.188,0.0,0.0,19.963,0.0,23.945,52.11,4.727,0.0,14.491,4.727,4.424,71.188,6.399,0.0,13.564,4.424,0.0,75.612,10.824,0.0,13.564,0.0
58,1270,59.0,1942960,Lamoni,INC4,0.0,29.882,42.02,24.188,3.91,0.0,0.0,18.043,54.529,27.429,0.0,0.0,31.338,43.018,6.364,15.37,3.91,0.0,0.0,49.163,44.474,2.454,3.91,0.0,0.0,20.278,18.093,61.629,0.0,0.0,4.907,35.951,26.347,24.975,7.82,0.0,0.0,38.405,26.347,0.0,35.248,0.0,32.41,58.35,4.62,0.0,4.62,0.0,2.454,53.775,41.317,2.454,0.0,0.0,1.636,57.552,21.223,9.143,1.303,9.143,29.882,54.747,15.37,0.0,0.0,0.0,29.588,27.613,17.824,0.0,24.975,0.0,8.523,48.678,27.429,15.37,0.0,0.0,0.0,21.25,35.951,42.799,0.0,0.0,2.454,93.636,0.0,0.0,3.91,0.0,3.91,89.727,2.454,0.0,3.91,0.0,57.77,37.323,4.907,0.0,0.0,0.0,0.0,71.902,10.273,17.824,0.0,0.0
59,1271,60.0,1944085,Le Claire,INC4,0.0,18.09,45.468,8.508,27.935,0.0,19.642,31.797,24.546,1.548,20.919,1.548,84.408,1.548,0.0,0.0,3.096,10.948,28.877,38.486,11.39,0.0,8.381,12.867,22.685,27.676,38.197,8.346,3.096,0.0,15.911,10.863,0.0,7.504,54.418,11.304,0.0,13.326,3.152,11.339,56.498,15.685,6.93,24.276,16.962,9.582,39.095,3.155,3.8,69.348,15.989,0.0,10.863,0.0,6.671,43.179,21.894,16.851,4.313,7.092,53.647,23.963,20.843,0.0,1.548,0.0,41.84,32.532,1.661,0.0,23.968,0.0,50.354,15.247,0.0,1.776,32.623,0.0,11.39,25.311,37.076,24.675,1.548,0.0,0.0,11.077,57.003,9.894,22.026,0.0,47.194,49.485,0.0,0.0,1.661,1.661,24.061,52.307,1.661,0.0,8.192,13.78,20.086,54.086,18.267,1.906,5.654,0.0
60,1272,61.0,1944400,Le Mars,INC4,3.702,70.698,25.6,0.0,0.0,0.0,26.996,45.19,17.797,10.017,0.0,0.0,23.294,49.313,7.404,0.0,19.989,0.0,4.194,53.808,41.998,0.0,0.0,0.0,2.215,32.605,51.062,14.118,0.0,0.0,12.679,28.47,17.631,0.0,12.361,28.86,2.3,36.549,17.631,0.0,18.505,25.016,11.833,48.472,17.398,14.095,4.101,4.101,2.461,88.87,8.669,0.0,0.0,0.0,16.052,52.314,28.295,1.367,1.972,0.0,51.107,48.893,0.0,0.0,0.0,0.0,43.726,52.572,0.0,0.0,3.702,0.0,43.726,42.578,0.0,0.0,13.696,0.0,3.702,64.804,31.494,0.0,0.0,0.0,22.227,77.773,0.0,0.0,0.0,0.0,22.227,56.274,17.797,0.0,0.0,3.702,9.995,54.388,25.6,6.315,0.0,3.702,13.696,62.613,19.989,0.0,3.702,0.0
61,1273,62.0,1948450,Madrid,INC4,2.571,13.179,26.093,22.246,35.911,0.0,5.69,19.81,22.592,16.543,35.366,0.0,32.544,40.59,7.169,1.589,18.109,0.0,2.639,52.469,25.091,5.67,14.132,0.0,0.0,19.37,29.837,41.967,8.825,0.0,10.026,38.456,9.63,0.0,41.888,0.0,9.721,26.506,20.377,1.589,41.807,0.0,5.421,29.8,31.72,0.0,33.06,0.0,0.0,18.672,64.889,4.6,11.84,0.0,15.322,29.315,28.302,17.926,7.518,1.618,17.386,39.564,20.02,3.181,18.3,1.549,23.201,28.353,13.931,0.0,34.514,0.0,18.56,26.007,17.113,1.549,36.772,0.0,6.611,22.45,49.414,17.113,4.413,0.0,16.214,48.388,14.25,3.181,17.968,0.0,41.239,32.824,3.181,0.0,16.795,5.961,25.349,50.442,9.38,1.589,13.24,0.0,15.669,38.362,30.64,0.0,15.328,0.0
62,1274,63.0,1949170,Mapleton,INC4,0.0,24.881,24.995,50.124,0.0,0.0,37.526,36.564,25.91,0.0,0.0,0.0,18.927,62.005,12.159,0.0,3.985,2.923,2.923,24.443,64.624,0.0,8.009,0.0,14.918,16.129,68.952,0.0,0.0,0.0,0.0,22.491,13.627,13.312,50.57,0.0,0.0,24.035,28.063,0.0,47.902,0.0,0.0,22.632,18.152,34.609,24.607,0.0,11.901,45.778,39.139,0.0,3.182,0.0,16.7,33.727,26.1,13.508,1.328,8.637,3.182,54.286,39.35,0.0,3.182,0.0,49.99,41.875,3.985,4.149,0.0,0.0,30.743,61.122,0.0,4.149,3.985,0.0,2.923,62.295,22.928,11.855,0.0,0.0,15.564,68.701,15.735,0.0,0.0,0.0,36.527,36.356,0.0,0.0,18.644,8.473,26.762,60.614,4.151,0.0,4.322,4.151,15.564,51.858,25.371,0.0,4.158,3.05
63,1275,64.0,1950790,Mediapolis,INC4,8.525,36.78,25.644,5.638,23.413,0.0,13.571,37.195,26.572,5.889,16.774,0.0,94.87,0.0,5.13,0.0,0.0,0.0,36.924,41.703,15.287,0.0,6.086,0.0,13.887,30.247,55.866,0.0,0.0,0.0,45.079,29.329,6.814,0.0,18.779,0.0,0.0,22.747,26.67,0.0,50.583,0.0,15.742,67.233,0.0,0.0,17.025,0.0,23.788,59.298,16.914,0.0,0.0,0.0,17.237,38.288,28.792,3.718,10.305,1.659,32.342,28.587,33.94,0.0,5.13,0.0,94.663,0.0,5.337,0.0,0.0,0.0,84.461,9.901,0.0,0.0,5.638,0.0,10.674,52.259,31.729,5.337,0.0,0.0,31.622,52.319,16.059,0.0,0.0,0.0,75.725,5.337,8.264,0.0,10.674,0.0,42.149,47.51,4.452,0.0,5.889,0.0,44.004,55.996,0.0,0.0,0.0,0.0
64,1276,65.0,1952860,Missouri Valley,INC4,0.0,34.98,15.861,38.655,10.504,0.0,15.506,51.529,32.965,0.0,0.0,0.0,0.0,43.931,36.285,9.892,9.892,0.0,0.0,45.565,31.361,18.411,4.662,0.0,0.0,5.23,48.593,46.177,0.0,0.0,0.0,5.768,22.868,3.238,68.127,0.0,5.768,36.779,3.238,11.535,42.681,0.0,0.0,29.31,22.242,20.304,28.144,0.0,0.0,11.099,88.901,0.0,0.0,0.0,4.394,31.741,32.603,26.581,3.655,1.027,0.0,70.324,19.784,0.0,4.662,5.23,26.087,42.674,21.347,0.0,4.662,5.23,30.75,31.025,8.166,0.0,24.83,5.23,4.662,38.011,31.317,21.347,4.662,0.0,19.906,38.579,23.671,13.181,4.662,0.0,10.014,51.76,8.166,0.0,24.83,5.23,0.0,80.094,5.23,0.0,10.014,4.662,5.352,63.976,26.009,0.0,4.662,0.0
65,1277,66.0,1953355,Monroe,INC4,0.0,13.864,34.904,40.031,11.201,0.0,4.368,22.913,27.267,19.881,23.333,2.237,16.615,50.997,8.901,2.252,21.234,0.0,2.282,41.714,35.265,9.446,11.294,0.0,0.0,0.0,48.286,48.291,2.237,1.186,10.778,25.662,25.662,6.75,17.418,13.731,0.0,2.289,32.919,2.289,44.871,17.633,2.228,25.616,51.366,11.564,9.225,0.0,0.0,10.04,65.678,13.492,10.789,0.0,2.842,18.465,45.46,21.091,7.273,4.87,7.791,52.851,22.119,0.0,17.239,0.0,28.453,62.619,2.237,0.0,6.691,0.0,30.669,49.855,0.0,2.237,17.239,0.0,0.0,35.386,62.483,2.131,0.0,0.0,12.053,54.521,33.426,0.0,0.0,0.0,17.089,67.458,2.301,0.0,10.85,2.301,8.628,73.845,4.572,2.177,10.778,0.0,8.472,50.579,40.949,0.0,0.0,0.0
66,1278,67.0,1953490,Montezuma,INC4,12.952,42.453,30.336,1.472,12.787,0.0,28.184,53.708,1.472,5.14,11.495,0.0,54.922,35.198,2.83,1.415,5.635,0.0,0.0,19.318,46.898,21.644,10.725,1.415,0.0,4.339,48.198,45.11,0.0,2.353,0.0,28.446,26.573,14.228,26.507,4.245,0.0,18.239,24.411,5.094,43.862,8.394,18.556,45.082,10.94,8.218,15.789,1.415,0.0,55.699,40.725,3.576,0.0,0.0,18.379,22.225,46.17,7.492,5.262,0.472,44.419,46.966,7.2,1.415,0.0,0.0,50.476,45.634,0.0,0.0,3.89,0.0,57.386,33.783,0.0,0.0,8.83,0.0,2.11,28.858,48.083,17.059,0.0,3.89,26.218,68.842,2.11,0.0,2.83,0.0,51.999,36.696,0.0,3.89,3.525,3.89,19.863,59.199,13.523,0.0,7.415,0.0,7.565,89.605,1.415,0.0,1.415,0.0
67,1279,68.0,1954390,Moulton,INC4,0.0,0.0,56.028,28.014,5.197,10.761,0.0,5.197,3.587,10.394,10.446,70.376,12.371,68.451,13.981,0.0,5.197,0.0,0.0,3.587,70.009,14.033,8.784,3.587,0.0,0.0,3.587,73.596,10.446,12.371,0.0,12.371,12.371,10.446,10.394,54.418,5.197,15.958,3.587,5.197,62.887,7.174,0.0,5.197,26.352,8.836,56.028,3.587,0.0,8.784,73.648,8.784,5.197,3.587,0.0,7.588,26.264,11.105,6.929,48.113,0.0,19.23,15.958,12.371,5.197,47.244,8.784,91.216,0.0,0.0,0.0,0.0,8.784,87.629,3.587,0.0,0.0,0.0,0.0,3.587,12.371,73.648,10.394,0.0,8.784,28.329,57.69,0.0,5.197,0.0,54.418,10.761,5.249,0.0,13.981,15.591,26.352,68.399,5.249,0.0,0.0,0.0,0.0,83.167,9.265,0.0,3.784,3.784
68,1280,69.0,1954480,Mount Ayr,INC4,11.99,8.612,23.247,47.54,8.612,0.0,0.0,91.388,8.612,0.0,0.0,0.0,53.122,28.21,9.125,9.543,0.0,0.0,0.0,32.255,32.511,18.011,8.612,8.612,20.601,5.63,55.758,18.011,0.0,0.0,17.62,38.141,9.005,9.005,8.612,17.617,32.514,0.0,32.646,0.0,17.223,17.617,41.519,14.242,26.622,0.0,8.612,9.005,13.12,57.319,29.562,0.0,0.0,0.0,5.873,49.135,33.247,6.004,2.871,2.871,28.214,37.336,34.451,0.0,0.0,0.0,46.881,27.793,25.325,0.0,0.0,0.0,72.207,18.668,0.0,9.125,0.0,0.0,0.0,0.0,52.427,47.573,0.0,0.0,37.339,62.661,0.0,0.0,0.0,0.0,71.79,28.21,0.0,0.0,0.0,0.0,18.251,59.502,22.248,0.0,0.0,0.0,21.83,52.844,25.325,0.0,0.0,0.0
69,1281,70.0,1955065,Murray,INC4,0.0,11.715,9.404,78.881,0.0,0.0,0.0,0.0,0.0,29.072,0.0,70.928,67.289,32.711,0.0,0.0,0.0,0.0,6.73,1.487,69.699,22.084,0.0,0.0,0.0,0.0,31.224,13.46,0.0,55.316,6.73,22.605,23.829,15.612,15.612,15.612,0.0,0.0,0.0,32.711,31.746,35.544,0.0,11.715,31.746,17.099,22.342,17.099,0.0,0.0,50.19,34.198,15.612,0.0,0.0,2.243,32.838,29.254,3.135,32.53,0.0,34.036,32.487,16.738,16.738,0.0,19.932,32.711,47.358,0.0,0.0,0.0,11.715,49.81,16.134,15.612,6.73,0.0,0.0,0.0,6.73,93.27,0.0,0.0,9.404,17.099,73.497,0.0,0.0,0.0,31.224,30.301,6.73,0.0,31.746,0.0,9.404,52.642,37.954,0.0,0.0,0.0,15.612,18.445,48.844,1.487,15.612,0.0
70,1282,71.0,1955335,Nashua,INC4,0.0,0.0,17.362,30.553,24.238,27.847,18.752,25.553,27.847,0.0,0.0,27.847,20.311,51.842,0.0,15.728,12.119,0.0,0.0,20.311,11.876,15.728,39.966,12.119,0.0,14.381,28.762,42.477,0.0,14.381,34.48,0.0,12.119,12.119,18.677,22.604,0.0,0.0,2.949,15.728,30.871,50.452,24.238,23.92,23.995,0.0,0.0,27.847,0.0,17.362,32.43,50.208,0.0,0.0,13.484,26.1,31.122,8.981,5.243,15.07,34.48,36.039,17.362,0.0,12.119,0.0,54.522,31.687,0.0,0.0,13.79,0.0,19.756,25.445,23.112,17.897,13.79,0.0,12.119,27.847,26.944,33.09,0.0,0.0,45.209,42.672,12.119,0.0,0.0,0.0,32.187,15.728,27.847,0.0,12.119,12.119,12.119,47.915,24.238,0.0,15.728,0.0,21.338,39.15,33.546,0.0,5.966,0.0
71,1283,,1955560,Neola,INC4,,,,,,,,,,,,,,,,,,,,,,,,,,,,,,,,,,,,,,,,,,,,,,,,,,,,,,,,,,,,,,,,,,,,,,,,,,,,,,,,,,,,,,,,,,,,,,,,,,,,,,,,,,,,
72,1284,72.0,1956910,Nora Springs,INC4,6.676,6.676,17.529,45.802,0.0,23.317,3.917,17.529,31.032,13.612,23.437,10.473,54.317,32.071,13.612,0.0,0.0,0.0,6.676,38.595,20.559,13.732,12.844,7.595,0.0,10.041,6.829,46.979,0.0,36.151,7.834,31.539,27.495,0.0,17.529,15.603,0.0,7.153,35.188,2.413,39.827,15.419,17.268,22.54,29.16,10.592,6.169,14.271,0.0,35.502,20.73,30.005,13.763,0.0,7.022,35.894,19.816,19.845,1.501,15.923,39.253,19.781,34.797,0.0,3.917,2.252,49.339,50.661,0.0,0.0,0.0,0.0,40.326,38.559,10.215,0.0,10.9,0.0,6.676,39.785,40.695,10.592,0.0,2.252,18.188,65.829,9.815,3.917,0.0,2.252,27.741,41.108,6.676,0.0,7.834,16.642,18.188,37.707,17.648,0.0,16.49,9.966,11.478,41.142,33.462,0.0,11.478,2.44
73,1285,73.0,1957630,Northwood,INC4,2.115,9.575,63.411,17.427,7.473,0.0,22.784,56.409,11.232,7.46,2.115,0.0,46.834,38.234,9.575,0.0,5.358,0.0,22.784,39.819,13.347,0.0,24.05,0.0,7.473,34.017,28.267,30.244,0.0,0.0,23.277,46.214,13.094,0.0,17.416,0.0,6.488,27.759,26.564,0.0,39.188,0.0,18.692,32.359,32.359,0.0,16.59,0.0,22.784,41.084,36.132,0.0,0.0,0.0,18.915,48.567,31.078,0.0,0.72,0.72,46.834,36.576,9.117,0.0,7.473,0.0,72.999,27.001,0.0,0.0,0.0,0.0,72.999,24.886,0.0,0.0,2.115,0.0,17.427,42.225,32.889,0.0,7.46,0.0,31.522,68.478,0.0,0.0,0.0,0.0,51.051,17.047,0.0,17.427,14.475,0.0,27.293,31.231,26.544,2.115,12.817,0.0,16.59,68.465,4.23,0.0,5.358,5.358
74,1286,74.0,1958080,Oakland,INC4,21.216,24.013,45.358,9.413,0.0,0.0,49.879,28.184,21.937,0.0,0.0,0.0,26.097,49.57,17.798,0.0,3.267,3.267,17.838,48.036,21.196,0.0,9.552,3.378,0.0,21.212,25.007,53.781,0.0,0.0,18.383,40.064,3.481,0.0,38.072,0.0,6.343,30.029,12.93,0.0,50.698,0.0,17.838,24.023,0.0,24.574,21.216,12.349,18.351,21.403,60.246,0.0,0.0,0.0,17.621,23.597,47.761,11.022,0.0,0.0,20.523,55.557,12.109,2.571,3.267,5.973,66.989,12.508,20.504,0.0,0.0,0.0,31.599,45.382,23.019,0.0,0.0,0.0,6.175,45.378,30.768,17.679,0.0,0.0,63.216,34.126,2.658,0.0,0.0,0.0,43.895,35.039,0.0,0.0,17.798,3.267,30.356,36.223,0.0,0.0,33.421,0.0,30.356,51.244,18.399,0.0,0.0,0.0
75,1287,75.0,1958980,Olin,INC4,0.0,15.769,27.087,53.905,0.0,3.239,0.0,29.508,3.239,23.322,0.0,43.931,11.906,46.041,19.997,18.241,3.815,0.0,6.87,8.226,70.774,7.261,6.87,0.0,0.0,0.0,37.343,44.322,0.0,18.335,65.45,26.048,0.0,8.502,0.0,0.0,0.0,19.691,32.074,14.131,19.008,15.096,0.0,21.965,43.539,22.357,12.138,0.0,0.0,21.299,62.696,16.006,0.0,0.0,18.632,24.385,27.455,11.389,4.375,13.763,19.008,22.357,43.539,8.226,6.87,0.0,59.318,40.682,0.0,0.0,0.0,0.0,43.247,46.644,6.87,0.0,3.239,0.0,13.612,44.464,25.613,16.311,0.0,0.0,61.662,38.338,0.0,0.0,0.0,0.0,22.338,43.985,22.853,0.0,10.823,0.0,13.612,54.855,0.0,0.0,31.534,0.0,16.978,57.426,18.335,7.261,0.0,0.0
76,1288,76.0,1960825,Pacific Junction,INC4,0.0,2.903,0.0,55.181,21.509,20.407,0.0,0.0,4.456,6.82,9.606,79.118,0.0,5.529,0.0,0.0,2.788,91.683,0.0,11.067,56.904,2.279,23.932,5.819,0.0,0.0,2.279,10.982,0.0,86.74,0.0,0.0,2.294,4.034,36.982,56.69,0.0,0.0,0.0,4.034,36.286,59.68,0.0,0.0,4.589,7.024,19.908,68.479,0.0,6.145,59.925,21.441,5.131,7.359,0.0,3.241,2.678,9.515,7.593,76.972,2.094,13.492,57.337,2.094,3.683,21.299,19.37,58.213,4.725,0.0,12.453,5.239,17.681,54.608,4.824,0.0,15.444,7.443,4.824,19.904,58.797,5.349,3.683,7.443,4.824,62.641,18.68,0.0,6.412,7.443,12.332,56.196,2.094,0.0,16.585,12.792,2.139,19.681,48.578,2.788,15.886,10.927,2.139,17.006,50.201,2.788,14.688,13.178
77,1289,77.0,1963750,Pleasantville,INC4,8.974,12.323,43.209,10.037,16.482,8.974,21.7,57.003,4.975,0.0,16.322,0.0,34.247,34.415,8.802,10.227,12.309,0.0,12.014,56.249,10.037,0.0,19.011,2.689,9.222,1.15,24.4,45.782,17.097,2.349,39.007,24.791,10.389,0.0,25.813,0.0,12.954,15.928,14.077,0.0,57.041,0.0,16.638,39.401,22.361,0.0,19.315,2.286,8.443,49.049,34.065,0.0,8.443,0.0,19.526,29.782,26.89,11.734,3.275,8.793,11.16,44.03,25.826,0.0,18.984,0.0,25.826,49.755,4.009,0.0,20.409,0.0,15.875,40.677,22.106,0.0,21.342,0.0,0.0,51.758,41.092,4.926,0.0,2.224,16.087,59.825,24.088,0.0,0.0,0.0,22.158,45.418,6.743,0.0,25.681,0.0,17.518,44.638,7.869,0.0,20.101,9.874,2.379,65.011,12.734,0.0,19.876,0.0
78,1290,78.0,1963975,Pocahontas,INC4,3.888,62.78,28.27,0.0,5.062,0.0,63.489,24.776,11.735,0.0,0.0,0.0,45.172,32.798,0.0,22.029,0.0,0.0,0.0,71.605,22.642,0.0,5.752,0.0,6.348,31.747,56.518,5.387,0.0,0.0,13.723,56.196,5.267,0.0,24.813,0.0,22.047,45.413,9.597,0.0,22.943,0.0,34.889,11.586,27.699,11.586,14.241,0.0,6.348,80.781,12.871,0.0,0.0,0.0,21.918,59.411,18.671,0.0,0.0,0.0,49.7,44.703,5.596,0.0,0.0,0.0,88.807,11.193,0.0,0.0,0.0,0.0,56.295,38.108,0.0,0.0,5.596,0.0,26.738,61.071,12.191,0.0,0.0,0.0,57.828,42.172,0.0,0.0,0.0,0.0,62.89,15.08,0.0,0.0,0.0,22.029,43.815,39.817,16.368,0.0,0.0,0.0,44.638,55.362,0.0,0.0,0.0,0.0
79,1291,79.0,1964065,Pomeroy,INC4,0.0,3.6,64.35,32.05,0.0,0.0,0.0,0.0,0.0,3.6,3.6,92.8,39.151,12.89,42.269,0.0,5.69,0.0,0.0,36.927,27.423,32.05,3.6,0.0,0.0,0.0,13.819,12.89,7.2,66.092,3.909,15.006,68.726,0.0,12.358,0.0,0.0,23.971,43.847,0.0,20.237,11.944,0.0,3.734,61.916,5.903,0.0,28.447,0.0,11.249,84.392,4.359,0.0,0.0,10.683,21.063,21.483,5.735,2.4,38.636,0.0,66.092,30.308,3.6,0.0,0.0,7.2,18.133,67.468,7.2,0.0,0.0,3.6,27.637,59.473,9.29,0.0,0.0,0.0,71.067,28.933,0.0,0.0,0.0,51.559,39.151,9.29,0.0,0.0,0.0,4.314,57.249,0.0,0.0,17.418,21.018,3.6,43.43,21.733,3.6,27.637,0.0,0.0,78.197,18.069,0.0,3.734,0.0
80,1292,80.0,1965235,Quasqueton,INC4,0.0,0.0,8.246,79.955,3.698,8.101,0.0,18.809,0.0,20.731,0.0,60.46,25.134,11.8,0.0,0.0,0.0,63.067,0.0,80.713,10.813,0.0,8.475,0.0,0.0,0.0,0.0,8.246,0.0,91.754,0.0,40.472,4.403,18.809,21.89,14.426,4.403,0.0,8.101,18.809,18.192,50.494,4.681,10.989,8.612,43.025,5.974,26.719,4.403,37.392,39.396,18.809,0.0,0.0,4.809,35.67,23.488,1.468,0.0,34.566,7.789,76.809,15.401,0.0,0.0,0.0,31.067,67.011,0.0,1.921,0.0,0.0,38.464,61.536,0.0,0.0,0.0,0.0,1.921,56.057,42.022,0.0,0.0,0.0,7.855,36.933,55.211,0.0,0.0,0.0,53.261,42.336,4.403,0.0,0.0,0.0,20.045,79.955,0.0,0.0,0.0,0.0,0.0,70.854,29.146,0.0,0.0,0.0
81,1293,81.0,1965370,Radcliffe,INC4,0.0,3.996,42.007,34.215,19.781,0.0,0.0,3.996,10.414,23.152,5.395,57.044,12.768,37.169,14.055,2.667,23.066,10.275,0.0,38.758,37.089,0.0,24.153,0.0,0.0,4.107,4.107,59.316,2.772,29.697,4.283,36.187,9.878,11.161,24.464,14.027,4.283,2.891,12.769,19.245,54.148,6.664,0.0,0.0,31.271,7.857,53.9,6.972,4.015,30.141,41.554,15.332,8.958,0.0,2.907,28.203,21.476,16.075,7.156,24.182,13.095,23.901,28.212,12.937,13.753,8.102,42.148,22.742,9.464,0.0,25.646,0.0,36.996,39.787,9.464,0.0,13.753,0.0,9.282,50.684,29.48,2.451,8.102,0.0,29.805,53.584,5.793,2.513,8.306,0.0,25.488,24.919,14.078,0.0,19.091,16.424,37.263,26.34,2.598,0.0,21.193,12.606,6.619,60.558,14.078,0.0,18.745,0.0
82,1294,82.0,1969510,Sabula,INC4,0.0,0.0,38.462,21.209,7.234,33.094,14.363,0.0,10.496,3.629,0.0,71.513,32.399,23.651,10.193,11.667,19.093,2.997,0.0,7.739,35.486,0.0,36.498,20.277,0.0,0.0,0.0,15.918,0.0,84.082,0.0,7.373,14.747,7.373,29.316,41.19,0.0,23.926,7.739,0.0,53.988,14.346,0.0,12.339,0.0,13.734,34.17,39.756,3.52,27.864,49.172,7.039,12.405,0.0,18.308,28.196,13.987,6.369,0.0,33.139,12.872,34.479,43.338,0.0,9.311,0.0,33.692,39.99,0.0,0.0,15.385,10.934,40.549,37.044,0.0,0.0,13.098,9.309,0.0,44.18,29.87,13.238,9.311,3.401,17.875,70.575,3.09,0.0,8.46,0.0,13.325,16.846,7.041,0.0,20.694,42.094,13.704,34.302,5.309,6.663,15.385,24.638,13.704,30.781,26.427,3.521,22.047,3.521
83,1295,83.0,1969645,Sac City,INC4,0.0,18.851,45.352,35.798,0.0,0.0,61.463,15.104,7.828,15.605,0.0,0.0,19.248,42.613,35.129,0.0,3.01,0.0,3.408,7.552,62.707,15.772,10.562,0.0,3.408,19.248,37.863,39.482,0.0,0.0,16.045,20.009,28.77,16.28,18.897,0.0,0.0,14.574,19.998,19.445,45.982,0.0,3.408,16.509,34.669,19.749,25.666,0.0,3.408,31.613,45.967,15.605,3.408,0.0,20.653,45.753,24.822,6.338,2.434,0.0,30.709,49.03,16.117,4.144,0.0,0.0,61.808,38.192,0.0,0.0,0.0,0.0,53.519,46.481,0.0,0.0,0.0,0.0,0.0,36.082,35.438,28.48,0.0,0.0,14.643,73.729,11.628,0.0,0.0,0.0,30.985,46.757,4.144,0.0,10.562,7.552,54.653,37.795,0.0,4.144,3.408,0.0,7.818,58.935,17.091,16.156,0.0,0.0
84,1296,84.0,1969735,Saint Ansgar,INC4,19.632,45.953,27.335,3.73,3.35,0.0,34.251,54.84,8.995,0.0,1.915,0.0,82.01,12.725,5.265,0.0,0.0,0.0,5.598,67.479,17.975,1.915,7.033,0.0,1.915,41.17,47.488,1.915,0.0,7.513,43.482,26.16,6.165,0.0,9.823,14.37,2.059,29.733,15.333,0.0,40.786,12.089,5.863,60.223,18.604,3.978,9.343,1.989,17.17,69.314,7.808,0.0,0.0,5.707,14.12,46.992,32.224,2.565,2.233,1.866,30.968,58.122,8.995,0.0,1.915,0.0,61.553,36.532,0.0,0.0,1.915,0.0,65.336,30.834,1.915,0.0,1.915,0.0,3.73,27.238,30.653,38.379,0.0,0.0,22.892,54.665,18.963,0.0,3.48,0.0,20.852,41.176,16.996,0.0,13.059,7.918,8.948,56.335,13.158,0.0,19.644,1.915,5.98,82.464,8.008,0.0,3.549,0.0
85,1297,85.0,1969915,Saint Charles,INC4,0.0,10.63,37.166,24.911,12.789,14.505,2.03,9.144,6.268,40.225,19.359,22.973,13.646,52.157,20.994,0.0,4.94,8.264,6.911,50.138,24.59,4.881,13.481,0.0,0.0,8.6,15.039,41.357,7.731,27.273,4.317,11.304,33.357,27.511,10.784,12.727,2.095,2.942,10.476,13.46,47.318,23.71,2.095,18.463,13.066,20.592,24.38,21.404,2.14,13.561,50.598,25.552,8.149,0.0,3.657,4.92,6.656,26.466,6.916,51.386,21.873,14.35,18.998,21.388,10.711,12.68,29.101,35.89,27.901,2.014,5.094,0.0,19.757,26.846,23.229,0.0,27.087,3.081,8.53,27.025,44.688,19.757,0.0,0.0,8.53,29.471,55.144,2.014,4.841,0.0,8.256,36.579,34.287,2.827,15.86,2.19,36.411,43.018,17.744,0.0,2.827,0.0,13.624,42.824,35.884,2.827,4.841,0.0
86,1298,86.0,1972210,Sheffield,INC4,10.119,63.227,19.519,7.135,0.0,0.0,20.987,54.948,16.146,7.919,0.0,0.0,32.656,56.626,0.0,3.161,7.558,0.0,2.851,49.021,33.835,11.038,3.255,0.0,0.0,28.897,52.289,15.83,0.0,2.984,11.778,60.402,14.109,4.869,8.842,0.0,0.0,25.345,18.59,3.53,49.005,3.53,2.814,29.983,27.773,10.896,25.32,3.213,8.324,66.254,20.9,4.521,0.0,0.0,15.901,54.577,12.504,3.296,2.637,11.085,24.861,31.907,34.808,5.338,3.086,0.0,39.87,41.843,18.286,0.0,0.0,0.0,48.822,48.564,0.0,0.0,2.614,0.0,12.846,38.973,32.836,15.346,0.0,0.0,29.752,54.532,13.103,0.0,2.614,0.0,28.305,40.306,5.597,4.521,5.968,15.302,31.951,44.492,19.035,4.521,0.0,0.0,18.0,68.235,0.0,4.888,8.877,0.0
87,1299,87.0,1972975,Sibley,INC4,0.0,24.466,48.573,24.466,2.496,0.0,14.467,58.93,26.603,0.0,0.0,0.0,17.116,52.703,30.181,0.0,0.0,0.0,5.986,42.946,43.696,4.877,2.496,0.0,0.0,22.214,66.808,10.977,0.0,0.0,12.585,74.537,12.878,0.0,0.0,0.0,0.0,20.593,47.394,6.293,25.72,0.0,2.624,67.952,15.381,11.42,2.624,0.0,5.986,45.571,45.947,2.496,0.0,0.0,7.612,22.019,52.433,17.936,0.0,0.0,16.143,71.294,10.004,2.56,0.0,0.0,18.702,76.296,5.002,0.0,0.0,0.0,32.118,51.74,16.143,0.0,0.0,0.0,12.278,37.655,38.675,11.391,0.0,0.0,19.84,75.159,5.002,0.0,0.0,0.0,28.671,47.374,0.0,0.0,16.393,7.561,35.182,41.099,23.719,0.0,0.0,0.0,6.139,70.157,21.145,2.56,0.0,0.0
88,1300,88.0,1978735,Traer,INC4,0.0,49.09,37.909,9.968,3.033,0.0,53.157,41.399,5.444,0.0,0.0,0.0,65.863,18.725,9.968,0.0,5.444,0.0,21.281,60.569,6.066,0.0,12.085,0.0,0.0,64.041,33.548,2.411,0.0,0.0,39.137,44.549,13.28,0.0,3.033,0.0,9.968,48.007,19.973,0.0,12.085,9.968,48.923,19.973,22.332,0.0,5.444,3.328,3.033,79.718,11.805,0.0,5.444,0.0,2.521,19.23,52.282,18.314,2.619,5.034,10.595,37.315,18.725,21.281,3.033,9.052,64.502,32.465,3.033,0.0,0.0,0.0,78.569,21.431,0.0,0.0,0.0,0.0,6.066,45.156,21.136,24.609,3.033,0.0,36.399,53.928,6.64,0.0,3.033,0.0,50.895,43.039,0.0,0.0,3.033,3.033,52.432,38.795,3.328,2.411,3.033,0.0,11.216,75.484,5.444,0.0,7.856,0.0
89,1301,89.0,1979815,University Park,INC4,0.0,0.0,0.0,14.611,36.067,49.322,0.0,37.345,0.0,0.0,36.067,26.588,0.0,0.0,37.345,0.0,0.0,62.655,0.0,85.389,14.611,0.0,0.0,0.0,0.0,0.0,0.0,0.0,0.0,100.0,45.285,18.648,0.0,0.0,36.067,0.0,0.0,0.0,0.0,0.0,59.896,40.104,0.0,0.0,0.0,0.0,58.618,41.382,0.0,79.743,0.0,0.0,0.0,20.257,19.087,0.0,16.893,0.0,0.0,64.02,0.0,73.412,14.611,0.0,7.94,4.037,4.037,73.412,14.611,0.0,7.94,0.0,64.727,0.0,22.854,0.0,12.419,0.0,4.037,36.067,59.896,0.0,0.0,0.0,81.352,18.648,0.0,0.0,0.0,0.0,62.655,37.345,0.0,0.0,0.0,0.0,100.0,0.0,0.0,0.0,0.0,0.0,0.0,62.35,24.394,0.0,13.256,0.0
90,1302,90.0,1980580,Ventura,INC4,0.0,0.0,29.199,33.551,27.549,9.701,4.131,0.0,9.615,4.131,14.191,67.932,46.2,22.619,14.735,0.0,16.446,0.0,4.082,51.137,19.129,0.0,20.033,5.62,0.0,0.0,9.233,3.968,0.0,86.799,29.687,19.702,0.0,0.0,41.357,9.255,15.651,20.064,21.515,4.287,38.483,0.0,5.002,12.589,25.119,3.928,38.618,14.744,4.513,34.775,39.124,6.214,4.331,11.042,22.759,23.008,20.315,4.344,3.188,26.386,23.109,55.656,17.033,0.0,4.202,0.0,66.875,27.717,0.0,5.408,0.0,0.0,49.717,38.385,0.0,0.0,7.971,3.928,31.118,56.983,11.899,0.0,0.0,0.0,30.006,53.526,16.468,0.0,0.0,0.0,35.263,40.466,9.537,0.0,14.735,0.0,35.441,38.508,0.0,5.408,7.697,12.946,18.54,61.591,8.13,3.769,7.971,0.0
91,1303,91.0,1980985,Villisca,INC4,0.0,0.0,38.008,53.634,0.0,8.357,7.269,69.864,8.357,6.152,0.0,8.357,32.234,47.523,7.112,6.019,7.112,0.0,0.0,35.505,46.447,8.396,0.0,9.653,0.0,0.0,53.588,30.951,0.0,15.461,0.0,13.111,47.033,6.555,24.396,8.905,0.0,40.5,17.81,22.046,0.0,19.644,0.0,26.199,37.507,27.389,0.0,8.905,0.0,12.304,54.751,24.587,0.0,8.357,2.582,24.815,21.622,30.762,0.0,20.22,5.678,25.776,55.156,5.678,0.0,7.713,36.081,38.142,18.063,0.0,0.0,7.713,19.068,38.142,29.399,5.678,0.0,7.713,0.0,24.746,45.855,29.399,0.0,0.0,13.39,51.533,35.077,0.0,0.0,0.0,45.249,39.125,0.0,0.0,15.626,0.0,5.678,26.781,36.107,23.722,0.0,7.713,13.39,29.399,51.533,5.678,0.0,0.0
92,1304,92.0,1982740,Waukon,INC4,0.0,11.864,70.474,17.661,0.0,0.0,39.773,41.149,10.247,8.831,0.0,0.0,17.661,35.237,35.237,0.0,11.864,0.0,0.0,29.325,32.318,17.661,20.695,0.0,0.0,10.247,45.685,44.068,0.0,0.0,16.159,29.325,8.831,0.0,36.854,8.831,0.0,8.831,8.831,0.0,73.508,8.831,0.0,44.068,19.078,8.831,28.023,0.0,8.831,26.407,55.932,8.831,0.0,0.0,11.274,40.232,34.765,9.775,3.955,0.0,30.942,17.661,41.149,10.247,0.0,0.0,55.932,44.068,0.0,0.0,0.0,0.0,66.179,33.821,0.0,0.0,0.0,0.0,0.0,0.0,35.237,64.763,0.0,0.0,19.078,72.091,8.831,0.0,0.0,0.0,19.078,27.909,8.831,0.0,44.183,0.0,19.078,64.763,0.0,0.0,16.159,0.0,19.078,28.023,35.237,17.661,0.0,0.0
93,1305,93.0,1982875,Waverly,INC4,3.525,54.225,14.573,0.0,27.677,0.0,44.689,39.482,14.192,1.636,0.0,0.0,64.622,20.004,0.0,0.0,15.373,0.0,2.742,72.292,23.077,0.0,1.889,0.0,2.742,50.207,34.748,12.303,0.0,0.0,9.338,34.584,8.27,6.312,28.743,12.753,4.451,25.252,6.191,0.0,51.598,12.508,5.575,69.021,8.111,0.0,17.292,0.0,7.146,66.226,10.445,14.03,2.154,0.0,34.212,48.966,6.888,8.664,1.27,0.0,47.029,37.597,13.484,0.0,1.889,0.0,59.763,38.348,0.0,0.0,1.889,0.0,41.192,29.694,0.0,0.0,29.114,0.0,1.889,45.671,50.804,1.636,0.0,0.0,25.841,69.908,2.362,0.0,1.889,0.0,56.114,38.928,0.0,0.0,3.07,1.889,58.957,25.364,8.832,0.0,4.959,1.889,36.117,48.254,13.709,0.0,1.92,0.0
94,1306,94.0,1983145,Webster City,INC4,0.0,39.112,49.664,5.256,5.968,0.0,12.768,76.72,0.0,10.512,0.0,0.0,44.055,23.254,22.027,0.0,10.664,0.0,0.0,59.946,40.054,0.0,0.0,0.0,0.0,9.61,37.473,52.917,0.0,0.0,11.224,48.722,19.22,0.0,20.834,0.0,0.0,30.444,25.537,9.61,34.409,0.0,11.224,22.378,60.429,0.0,5.968,0.0,0.0,23.993,70.751,5.256,0.0,0.0,30.637,40.363,25.798,3.203,0.0,0.0,19.794,25.795,45.281,9.13,0.0,0.0,25.795,69.211,4.994,0.0,0.0,0.0,25.795,64.218,9.987,0.0,0.0,0.0,10.047,14.293,66.118,9.542,0.0,0.0,9.13,54.719,36.151,0.0,0.0,0.0,31.925,35.692,32.384,0.0,0.0,0.0,17.801,48.041,31.157,0.0,3.001,0.0,20.834,51.532,18.024,0.0,0.0,9.61
95,1307,95.0,1983325,Wellsburg,INC4,0.0,17.383,43.797,31.46,7.361,0.0,5.51,1.97,15.617,15.532,1.969,59.402,31.973,38.384,24.022,5.62,0.0,0.0,7.48,56.665,20.324,0.0,15.53,0.0,0.0,1.969,30.15,49.221,0.0,18.66,17.248,20.419,22.395,5.614,26.121,8.204,5.909,8.903,29.459,5.51,42.167,8.052,7.619,20.421,29.729,19.134,20.507,2.59,0.0,36.501,53.216,7.675,2.608,0.0,8.85,26.941,27.407,22.249,1.97,12.584,28.522,42.991,17.468,11.02,0.0,0.0,37.399,49.613,0.0,0.0,12.988,0.0,48.506,32.996,0.0,0.0,18.498,0.0,8.052,21.016,61.603,9.329,0.0,0.0,16.252,54.57,27.17,0.0,2.008,0.0,58.657,33.957,0.0,0.0,2.062,5.324,40.633,33.27,7.553,0.0,7.673,10.87,21.438,50.52,15.242,0.0,12.799,0.0
96,1308,96.0,1984900,What Cheer,INC4,14.329,0.0,0.0,55.893,3.95,25.828,0.0,0.0,0.0,3.583,3.583,92.834,10.562,46.99,12.999,25.867,3.583,0.0,14.534,11.809,14.387,55.264,4.006,0.0,0.0,3.583,3.583,22.284,0.0,70.55,0.0,0.0,14.534,0.0,52.895,32.571,0.0,0.0,0.0,33.074,34.355,32.571,0.0,0.0,14.145,16.582,29.581,39.693,0.0,0.0,37.614,50.743,0.0,11.643,0.0,3.521,5.527,4.412,0.0,86.541,0.0,3.583,59.989,32.845,0.0,3.583,36.428,63.572,0.0,0.0,0.0,0.0,25.867,70.55,0.0,0.0,3.583,0.0,0.0,14.145,53.141,29.131,3.583,0.0,23.56,7.166,65.691,0.0,3.583,0.0,36.428,32.845,0.0,0.0,16.582,14.145,53.141,10.562,9.285,9.285,7.166,10.562,0.0,50.704,32.845,9.285,7.166,0.0
97,1309,97.0,1985845,Williamsburg,INC4,24.704,41.649,12.758,0.0,20.888,0.0,42.995,52.386,0.0,0.0,4.618,0.0,79.96,12.758,2.63,0.0,4.651,0.0,52.557,35.446,4.682,0.0,4.682,2.633,45.78,47.49,4.682,0.0,2.049,0.0,43.041,31.843,0.0,0.0,22.518,2.597,11.521,47.877,4.618,8.576,27.408,0.0,30.28,43.311,13.967,0.0,9.846,2.597,48.966,41.318,7.59,0.0,2.126,0.0,51.699,38.863,4.345,0.866,4.227,0.0,61.868,25.782,7.668,2.633,2.049,0.0,88.427,9.552,0.0,0.0,2.021,0.0,61.438,23.149,0.0,0.0,15.413,0.0,20.837,21.106,31.389,22.049,2.021,2.597,44.055,41.363,9.841,0.0,2.075,2.666,37.606,42.42,5.374,0.0,11.931,2.67,14.64,30.554,29.169,10.411,12.557,2.67,44.656,40.333,1.462,0.0,13.549,0.0
98,1310,98.0,1986385,Winfield,INC4,0.0,7.872,38.379,49.717,4.031,0.0,15.744,27.173,30.507,0.0,26.576,0.0,38.866,61.134,0.0,0.0,0.0,0.0,7.872,7.872,35.185,26.526,22.544,0.0,0.0,7.872,0.0,35.335,22.544,34.249,48.83,16.631,26.526,0.0,8.012,0.0,30.417,3.981,20.662,0.0,44.94,0.0,7.872,48.971,35.194,3.981,3.981,0.0,7.872,7.872,53.699,30.557,0.0,0.0,7.872,27.787,42.411,4.247,0.0,17.684,48.696,26.32,24.984,0.0,0.0,0.0,73.68,22.659,0.0,0.0,3.661,0.0,36.021,56.612,0.0,0.0,7.367,0.0,27.967,22.659,45.713,0.0,3.661,0.0,48.696,43.251,4.393,0.0,3.661,0.0,41.32,16.107,0.0,0.0,35.334,7.238,7.238,40.405,27.967,0.0,24.39,0.0,0.0,68.372,0.0,0.0,31.628,0.0
99,1311,99.0,1986970,Woodward,INC4,5.697,4.826,23.276,32.977,33.224,0.0,0.0,0.0,0.0,20.855,17.601,61.545,35.83,36.788,12.757,3.132,11.493,0.0,5.777,28.772,44.196,6.593,9.83,4.832,0.0,3.132,45.219,33.769,3.132,14.747,7.065,36.653,14.116,3.829,36.653,1.685,5.003,28.052,11.742,3.561,51.642,0.0,3.612,22.123,17.412,7.224,39.708,9.921,3.034,37.346,45.77,12.467,0.0,1.384,16.656,33.44,21.701,7.678,3.176,17.348,17.158,40.421,14.447,12.467,14.124,1.384,38.771,43.459,6.068,0.0,11.702,0.0,28.795,44.835,9.101,3.144,14.124,0.0,11.132,45.524,39.155,4.19,0.0,0.0,17.044,50.751,23.496,3.144,5.566,0.0,35.357,39.771,0.0,3.144,17.31,4.418,21.575,49.405,11.592,3.144,9.866,4.418,8.993,52.166,6.265,7.572,25.004,0.0
100,1312,0.0,1999999,AVERAGE,INC4,4.437,21.609,31.962,24.72,12.103,5.168,15.019,31.285,15.105,8.839,6.358,23.395,35.55,32.527,11.6,4.517,8.844,6.961,8.034,39.767,32.221,8.191,10.045,1.741,2.9,13.658,30.114,26.793,2.767,23.769,13.35,26.303,17.242,6.745,26.977,9.383,4.896,20.134,16.437,5.224,41.463,11.846,9.386,26.752,24.145,9.645,21.323,8.749,5.943,37.817,41.165,9.56,3.921,1.595,11.968,28.225,24.254,13.222,3.587,18.743,21.874,40.084,22.15,5.942,5.961,3.991,47.105,40.186,5.821,0.652,5.855,0.38,40.1,38.931,7.586,2.27,10.552,0.561,8.122,37.661,36.684,15.345,1.857,0.33,23.73,53.453,17.676,1.387,3.403,0.351,34.331,39.297,6.374,1.154,13.323,5.521,24.674,43.498,13.978,4.869,9.44,3.541,14.319,53.73,18.731,2.883,8.942,1.396
